id,name,team,league,overall,skills,weakfoot,age,height,height_cms,weight,workrate,footed,position,diving,handling,kicking,reflexes,spd,spd_acceleration,spd_sprint_speed,pos,pace,acceleration,sprint_speed,shooting,positioning,finishing,shot_power,long_shots,volleys,penalties,passing,vision,crossing,freekick,short_pass,long_pass,curve,ovr_dribbeling,agility,balance,reactions,ball_control,dribbling,composure,defense,interceptions,heading,awarenesss,stand_tackle,slide_tackle,physical,jumping,stamina,strength,aggression,Image,Club_Flag,Country_Flag
0,Lionel Messi,FC Barcelona , ESP 1,94,4,4,32,"5'7""",170cm,72kg,Med/Low,Left,RW,0,0,0,0,0,0,0,0,87,91,84,92,94,95,86,94,88,75,92,94,88,94,92,92,93,96,93,95,95,96,97,96,39,40,70,33,37,26,66,68,75,68,48,https://www.futwiz.com/assets/img/fifa20/faces/158023.png,https://www.futwiz.com/assets/img/fifa20/badges/241.png,https://www.futwiz.com/assets/img/fifa19/flags/52.png
1,Cristiano Ronaldo,Piemonte Calcio , ITA 1,93,5,4,34,"6'2""",187cm,83kg,High/Low,Right,ST,0,0,0,0,0,0,0,0,90,89,91,93,95,94,95,93,87,85,82,82,84,76,83,77,81,89,87,71,96,92,89,95,35,29,89,28,32,24,78,95,85,78,63,https://www.futwiz.com/assets/img/fifa20/faces/20801.png,https://www.futwiz.com/assets/img/fifa20/badges/45.png,https://www.futwiz.com/assets/img/fifa19/flags/38.png
2,Neymar Jr,Paris Saint-Germain , FRA 1,92,5,5,27,"5'9""",175cm,68kg,High/Med,Right,LW,0,0,0,0,0,0,0,0,91,94,89,85,87,87,80,84,87,90,87,90,87,87,87,81,88,95,96,84,92,95,96,94,32,36,62,27,26,29,58,61,81,49,51,https://www.futwiz.com/assets/img/fifa20/faces/190871.png,https://www.futwiz.com/assets/img/fifa20/badges/73.png,https://www.futwiz.com/assets/img/fifa19/flags/54.png
3,Eden Hazard,Real Madrid , ESP 1,91,4,4,28,"5'9""",175cm,74kg,High/Med,Right,LW,0,0,0,0,0,0,0,0,91,94,88,83,87,84,82,80,83,88,86,89,81,79,89,83,83,94,95,94,90,94,95,91,35,41,61,34,27,22,66,56,84,63,54,https://www.futwiz.com/assets/img/fifa20/faces/183277.png,https://www.futwiz.com/assets/img/fifa20/badges/243.png,https://www.futwiz.com/assets/img/fifa19/flags/7.png
4,Kevin De Bruyne,Manchester City , ENG 1,91,4,5,28,"5'11""",181cm,70kg,High/High,Right,CAM,0,0,0,0,0,0,0,0,76,77,76,86,88,82,91,90,82,79,92,94,93,83,92,91,85,87,78,76,91,91,86,91,61,61,55,68,58,51,78,63,89,74,76,https://www.futwiz.com/assets/img/fifa20/faces/192985.png,https://www.futwiz.com/assets/img/fifa20/badges/10.png,https://www.futwiz.com/assets/img/fifa19/flags/7.png
5,Jan Oblak,Atletico Madrid, ESP 1,91,1,3,26,"6'2""",188cm,87kg,Med/Med,Right,GK,87,92,78,89,50,43,60,90,0,43,60,0,11,11,59,12,13,11,0,65,13,14,43,40,13,0,67,49,88,30,12,68,0,19,15,27,12,18,0,78,41,78,34,https://www.futwiz.com/assets/img/fifa20/faces/200389.png,https://www.futwiz.com/assets/img/fifa20/badges/240.png,https://www.futwiz.com/assets/img/fifa19/flags/44.png
6,Mohamed Salah,Liverpool , ENG 1,90,4,3,27,"5'9""",175cm,71kg,High/Med,Left,RW,0,0,0,0,0,0,0,0,93,94,92,86,92,90,80,84,79,77,81,84,79,69,84,75,83,89,91,88,92,89,89,91,45,55,59,38,43,41,74,69,85,73,63,https://www.futwiz.com/assets/img/fifa20/faces/209331.png,https://www.futwiz.com/assets/img/fifa20/badges/9.png,https://www.futwiz.com/assets/img/fifa19/flags/111.png
7,Virgil van Dijk,Liverpool , ENG 1,90,2,3,28,"6'4""",193cm,92kg,Med/Med,Right,CB,0,0,0,0,0,0,0,0,77,74,79,60,47,52,81,64,45,62,70,65,53,70,78,81,60,72,61,53,88,76,70,89,90,89,86,91,92,85,86,90,75,92,82,https://www.futwiz.com/assets/img/fifa20/faces/203376.png,https://www.futwiz.com/assets/img/fifa20/badges/9.png,https://www.futwiz.com/assets/img/fifa19/flags/34.png
8,Marc-Andre ter Stegen,FC Barcelona , ESP 1,90,1,4,27,"6'2""",187cm,85kg,Med/Med,Right,GK,88,85,88,90,43,38,50,88,0,38,50,0,11,14,66,10,14,25,0,70,18,12,61,63,18,0,37,43,86,30,21,70,0,22,11,25,13,10,0,79,35,78,43,https://www.futwiz.com/assets/img/fifa20/faces/192448.png,https://www.futwiz.com/assets/img/fifa20/badges/241.png,https://www.futwiz.com/assets/img/fifa19/flags/21.png
9,Luka Modric,Real Madrid , ESP 1,90,4,4,34,"5'8""",172cm,66kg,High/High,Right,CM,0,0,0,0,0,0,0,0,74,77,71,76,79,72,79,82,76,82,89,91,86,78,92,88,85,90,92,93,89,92,87,92,72,82,55,68,76,71,66,68,85,58,62,https://www.futwiz.com/assets/img/fifa20/faces/177003.png,https://www.futwiz.com/assets/img/fifa20/badges/243.png,https://www.futwiz.com/assets/img/fifa19/flags/10.png
10,Antoine Griezmann,FC Barcelona , ESP 1,89,4,3,28,"5'9""",176cm,73kg,High/High,Left,CF,0,0,0,0,0,0,0,0,81,82,81,86,90,89,82,83,87,86,84,86,83,85,85,82,86,89,90,83,92,90,88,89,57,49,84,59,54,49,72,89,87,63,73,https://www.futwiz.com/assets/img/fifa20/faces/194765.png,https://www.futwiz.com/assets/img/fifa20/badges/241.png,https://www.futwiz.com/assets/img/fifa19/flags/18.png
11,N'Golo Kante,Chelsea , ENG 1,89,2,3,28,"5'6""",168cm,72kg,Med/High,Right,CDM,0,0,0,0,0,0,0,0,78,79,77,65,72,65,71,63,56,54,77,79,68,49,86,81,49,81,82,92,93,80,79,85,87,92,54,90,91,85,83,77,97,73,90,https://www.futwiz.com/assets/img/fifa20/faces/215914.png,https://www.futwiz.com/assets/img/fifa20/badges/5.png,https://www.futwiz.com/assets/img/fifa19/flags/18.png
12,Alisson,Liverpool , ENG 1,89,1,3,26,"6'3""",191cm,91kg,Med/Med,Right,GK,85,84,85,89,52,56,47,90,0,56,47,0,13,13,64,14,20,23,0,66,17,18,45,44,19,0,40,37,88,30,27,65,0,11,19,15,19,16,0,52,32,78,27,https://www.futwiz.com/assets/img/fifa20/faces/212831.png,https://www.futwiz.com/assets/img/fifa20/badges/9.png,https://www.futwiz.com/assets/img/fifa19/flags/54.png
13,Harry Kane,Tottenham Hotspur , ENG 1,89,3,4,26,"6'2""",188cm,89kg,High/High,Right,ST,0,0,0,0,0,0,0,0,70,68,72,91,93,94,90,86,85,90,79,81,75,68,81,83,78,81,71,73,91,84,80,91,47,35,86,56,36,38,83,79,87,84,78,https://www.futwiz.com/assets/img/fifa20/faces/202126.png,https://www.futwiz.com/assets/img/fifa20/badges/18.png,https://www.futwiz.com/assets/img/fifa19/flags/14.png
14,Kalidou Koulibaly,Napoli , ITA 1,89,2,3,28,"6'2""",187cm,89kg,Med/High,Right,CB,0,0,0,0,0,0,0,0,71,69,73,28,35,22,55,15,14,33,54,52,30,28,71,63,28,68,52,41,86,71,69,82,89,88,83,91,90,87,87,81,73,95,87,https://www.futwiz.com/assets/img/fifa20/faces/201024.png,https://www.futwiz.com/assets/img/fifa20/badges/48.png,https://www.futwiz.com/assets/img/fifa19/flags/136.png
15,De Gea,Manchester United , ENG 1,89,1,3,28,"6'4""",192cm,82kg,Med/Med,Right,GK,90,84,81,92,57,57,58,85,0,57,58,0,12,13,61,12,13,29,0,65,17,19,50,47,21,0,63,43,87,38,18,68,0,30,21,25,21,13,0,67,43,60,38,https://www.futwiz.com/assets/img/fifa20/faces/193080.png,https://www.futwiz.com/assets/img/fifa20/badges/11.png,https://www.futwiz.com/assets/img/fifa19/flags/45.png
16,Sergio Busquets,FC Barcelona , ESP 1,89,3,3,31,"6'2""",189cm,76kg,Med/Med,Right,CDM,0,0,0,0,0,0,0,0,42,40,43,62,77,67,61,54,44,60,80,86,62,68,89,82,66,81,67,49,87,88,80,93,85,89,68,90,86,80,80,66,86,77,85,https://www.futwiz.com/assets/img/fifa20/faces/189511.png,https://www.futwiz.com/assets/img/fifa20/badges/241.png,https://www.futwiz.com/assets/img/fifa19/flags/45.png
17,Robert Lewandowski,Bayern Munich, GER 1,89,4,4,31,"6'0""",184cm,80kg,High/Med,Right,ST,0,0,0,0,0,0,0,0,77,77,77,87,91,88,87,84,88,86,74,77,62,85,82,65,77,85,78,82,90,88,85,86,41,39,85,34,42,19,82,84,78,84,81,https://www.futwiz.com/assets/img/fifa20/faces/188545.png,https://www.futwiz.com/assets/img/fifa20/badges/21.png,https://www.futwiz.com/assets/img/fifa19/flags/37.png
18,Luis Suarez,FC Barcelona , ESP 1,89,3,4,32,"6'0""",182cm,86kg,High/Med,Right,ST,0,0,0,0,0,0,0,0,73,76,70,89,92,91,88,86,90,83,80,82,78,82,82,72,86,84,79,79,92,84,85,85,51,41,83,57,45,38,84,69,82,86,87,https://www.futwiz.com/assets/img/fifa20/faces/176580.png,https://www.futwiz.com/assets/img/fifa20/badges/241.png,https://www.futwiz.com/assets/img/fifa19/flags/60.png
19,Sergio Ramos,Real Madrid , ESP 1,89,3,3,33,"6'0""",184cm,82kg,High/Med,Right,CB,0,0,0,0,0,0,0,0,72,74,71,68,67,63,79,62,69,86,75,71,66,72,80,83,74,74,78,66,87,83,65,84,87,88,92,85,87,90,85,93,80,85,90,https://www.futwiz.com/assets/img/fifa20/faces/155862.png,https://www.futwiz.com/assets/img/fifa20/badges/243.png,https://www.futwiz.com/assets/img/fifa19/flags/45.png
20,Sergio Aguero,Manchester City , ENG 1,89,4,4,31,"5'8""",173cm,70kg,High/Med,Right,ST,0,0,0,0,0,0,0,0,80,82,78,90,93,93,89,84,85,83,77,83,70,73,83,64,83,88,84,91,92,89,88,90,33,24,78,30,29,24,74,81,79,74,65,https://www.futwiz.com/assets/img/fifa20/faces/153079.png,https://www.futwiz.com/assets/img/fifa20/badges/10.png,https://www.futwiz.com/assets/img/fifa19/flags/52.png
21,Giorgio Chiellini,Piemonte Calcio , ITA 1,89,2,3,35,"6'2""",187cm,85kg,Med/High,Left,CB,0,0,0,0,0,0,0,0,68,61,73,46,28,33,78,49,45,50,58,50,54,31,65,65,60,62,57,57,82,61,59,84,90,88,83,94,91,89,82,89,59,89,91,https://www.futwiz.com/assets/img/fifa20/faces/138956.png,https://www.futwiz.com/assets/img/fifa20/badges/45.png,https://www.futwiz.com/assets/img/fifa19/flags/27.png
22,Kylian Mbappe,Paris Saint-Germain , FRA 1,89,5,4,20,"5'10""",178cm,73kg,High/Low,Right,ST,0,0,0,0,0,0,0,0,96,96,96,84,89,89,83,79,79,70,78,80,78,63,82,70,79,90,92,83,89,90,91,84,39,38,77,34,34,32,75,76,84,76,62,https://www.futwiz.com/assets/img/fifa20/faces/231747.png,https://www.futwiz.com/assets/img/fifa20/badges/73.png,https://www.futwiz.com/assets/img/fifa19/flags/18.png
23,Paulo Dybala,Piemonte Calcio , ITA 1,88,4,3,25,"5'10""",177cm,75kg,Med/Med,Left,CAM,0,0,0,0,0,0,0,0,83,86,81,82,80,80,80,86,88,86,84,87,82,88,87,75,88,90,91,85,84,93,90,84,43,42,64,32,48,40,64,75,79,61,48,https://www.futwiz.com/assets/img/fifa20/faces/211110.png,https://www.futwiz.com/assets/img/fifa20/badges/45.png,https://www.futwiz.com/assets/img/fifa19/flags/52.png
24,Ederson,Manchester City , ENG 1,88,1,3,26,"6'2""",188cm,86kg,Med/Med,Left,GK,86,82,93,88,64,64,63,86,0,64,63,0,20,14,70,18,18,17,0,70,20,20,56,58,15,0,60,48,87,40,23,70,0,27,14,29,15,8,0,66,41,68,38,https://www.futwiz.com/assets/img/fifa20/faces/210257.png,https://www.futwiz.com/assets/img/fifa20/badges/10.png,https://www.futwiz.com/assets/img/fifa19/flags/54.png
25,Sadio Mane,Liverpool , ENG 1,88,4,4,27,"5'9""",175cm,69kg,High/Med,Right,LW,0,0,0,0,0,0,0,0,94,95,93,83,90,87,84,77,75,71,77,83,74,64,81,71,76,88,92,86,90,87,89,84,44,35,81,42,42,38,74,86,85,67,75,https://www.futwiz.com/assets/img/fifa20/faces/208722.png,https://www.futwiz.com/assets/img/fifa20/badges/9.png,https://www.futwiz.com/assets/img/fifa19/flags/136.png
26,Raheem Sterling,Manchester City , ENG 1,88,4,3,24,"5'7""",170cm,69kg,High/Med,Right,RW,0,0,0,0,0,0,0,0,93,96,91,79,91,83,76,77,67,69,78,79,78,63,84,69,75,89,94,94,89,88,89,79,45,30,38,47,53,47,57,57,79,54,38,https://www.futwiz.com/assets/img/fifa20/faces/202652.png,https://www.futwiz.com/assets/img/fifa20/badges/10.png,https://www.futwiz.com/assets/img/fifa19/flags/14.png
27,Paul Pogba,Manchester United , ENG 1,88,5,4,26,"6'3""",191cm,84kg,High/Med,Right,CM,0,0,0,0,0,0,0,0,74,67,79,81,83,75,90,82,84,83,86,88,80,82,86,90,85,85,75,66,82,90,87,87,66,64,75,63,67,65,86,82,87,89,78,https://www.futwiz.com/assets/img/fifa20/faces/195864.png,https://www.futwiz.com/assets/img/fifa20/badges/11.png,https://www.futwiz.com/assets/img/fifa19/flags/18.png
28,Thibaut Courtois,Real Madrid , ESP 1,88,1,2,27,"6'6""",199cm,96kg,Med/Med,Left,GK,85,89,72,87,48,46,52,85,0,46,52,0,13,14,54,17,12,27,0,44,14,20,33,35,19,0,61,45,83,23,13,66,0,15,13,20,18,16,0,68,38,70,23,https://www.futwiz.com/assets/img/fifa20/faces/192119.png,https://www.futwiz.com/assets/img/fifa20/badges/243.png,https://www.futwiz.com/assets/img/fifa19/flags/7.png
29,Christian Eriksen,Tottenham Hotspur , ENG 1,88,4,5,27,"5'11""",181cm,76kg,High/High,Right,CAM,0,0,0,0,0,0,0,0,73,75,71,81,85,77,84,89,80,67,90,92,88,86,91,89,89,84,79,80,88,91,81,88,53,56,52,59,57,22,63,50,93,57,46,https://www.futwiz.com/assets/img/fifa20/faces/190460.png,https://www.futwiz.com/assets/img/fifa20/badges/18.png,https://www.futwiz.com/assets/img/fifa19/flags/13.png
30,Pierre-Emerick Aubameyang,Arsenal , ENG 1,88,4,4,30,"6'2""",187cm,80kg,Med/Low,Right,ST,0,0,0,0,0,0,0,0,94,93,95,85,90,89,82,79,86,76,75,77,76,74,77,64,80,80,76,69,87,82,79,85,37,48,78,27,25,36,69,79,78,74,43,https://www.futwiz.com/assets/img/fifa20/faces/188567.png,https://www.futwiz.com/assets/img/fifa20/badges/1.png,https://www.futwiz.com/assets/img/fifa19/flags/115.png
31,Marco Reus,Borussia Dortmund , GER 1,88,4,4,30,"5'11""",180cm,71kg,High/Med,Right,CAM,0,0,0,0,0,0,0,0,85,85,85,88,89,87,88,87,90,90,84,86,82,86,86,77,89,87,86,84,87,88,87,85,45,48,49,49,37,45,66,71,76,67,51,https://www.futwiz.com/assets/img/fifa20/faces/188350.png,https://www.futwiz.com/assets/img/fifa20/badges/22.png,https://www.futwiz.com/assets/img/fifa19/flags/21.png
32,Toni Kroos,Real Madrid , ESP 1,88,3,5,29,"6'0""",183cm,76kg,Med/Med,Right,CM,0,0,0,0,0,0,0,0,45,50,41,80,75,75,87,86,82,73,90,89,88,84,91,92,86,81,60,71,87,89,80,88,70,76,58,72,70,62,69,30,74,73,60,https://www.futwiz.com/assets/img/fifa20/faces/182521.png,https://www.futwiz.com/assets/img/fifa20/badges/243.png,https://www.futwiz.com/assets/img/fifa19/flags/21.png
33,Diego Godin,Inter , ITA 1,88,2,3,33,"6'2""",187cm,78kg,Med/High,Right,CB,0,0,0,0,0,0,0,0,60,61,60,48,48,42,67,43,47,50,64,52,52,49,79,70,49,63,57,53,81,74,53,82,89,87,88,90,89,87,83,90,65,89,88,https://www.futwiz.com/assets/img/fifa20/faces/182493.png,https://www.futwiz.com/assets/img/fifa20/badges/44.png,https://www.futwiz.com/assets/img/fifa19/flags/60.png
34,David Silva,Manchester City , ENG 1,88,4,2,33,"5'8""",173cm,67kg,High/Med,Left,CAM,0,0,0,0,0,0,0,0,65,69,61,74,88,72,72,73,82,75,88,91,84,77,92,84,82,89,87,88,89,92,87,92,52,50,54,59,53,29,57,64,73,48,57,https://www.futwiz.com/assets/img/fifa20/faces/168542.png,https://www.futwiz.com/assets/img/fifa20/badges/10.png,https://www.futwiz.com/assets/img/fifa19/flags/45.png
35,Hugo Lloris,Tottenham Hotspur , ENG 1,88,1,1,32,"6'2""",188cm,82kg,Med/Med,Left,GK,89,82,68,91,64,65,62,84,0,65,62,0,10,10,51,14,11,40,0,30,13,10,50,50,11,0,55,54,86,34,10,65,0,27,10,29,10,18,0,74,41,43,31,https://www.futwiz.com/assets/img/fifa20/faces/167948.png,https://www.futwiz.com/assets/img/fifa20/badges/18.png,https://www.futwiz.com/assets/img/fifa19/flags/18.png
36,Manuel Neuer,Bayern Munich, GER 1,88,1,4,33,"6'4""",193cm,92kg,Med/Med,Right,GK,87,87,91,87,56,54,60,85,0,54,60,0,12,13,68,16,11,47,0,70,15,11,55,59,14,0,51,35,84,46,30,70,0,30,25,17,10,11,0,77,43,80,29,https://www.futwiz.com/assets/img/fifa20/faces/167495.png,https://www.futwiz.com/assets/img/fifa20/badges/21.png,https://www.futwiz.com/assets/img/fifa19/flags/21.png
37,Samir Handanovic,Inter , ITA 1,88,1,2,35,"6'4""",193cm,92kg,Med/Med,Right,GK,88,85,69,89,53,51,55,89,0,51,55,0,12,10,52,19,12,23,0,41,12,14,36,34,12,0,47,36,83,16,12,69,0,22,10,25,10,13,0,78,41,71,25,https://www.futwiz.com/assets/img/fifa20/faces/162835.png,https://www.futwiz.com/assets/img/fifa20/badges/44.png,https://www.futwiz.com/assets/img/fifa19/flags/44.png
38,Pique,FC Barcelona , ESP 1,88,2,3,32,"6'4""",194cm,85kg,High/Med,Right,CB,0,0,0,0,0,0,0,0,56,48,63,61,64,65,62,51,57,69,72,72,57,43,83,81,58,69,57,36,85,82,63,87,88,89,85,89,88,87,80,75,70,87,76,https://www.futwiz.com/assets/img/fifa20/faces/152729.png,https://www.futwiz.com/assets/img/fifa20/badges/241.png,https://www.futwiz.com/assets/img/fifa19/flags/45.png
39,Edinson Cavani,Paris Saint-Germain , FRA 1,88,3,4,32,"6'1""",185cm,77kg,High/High,Right,ST,0,0,0,0,0,0,0,0,75,74,76,86,93,88,88,79,90,85,72,77,70,76,78,52,77,79,74,59,91,81,79,80,55,54,89,57,48,39,83,88,91,79,84,https://www.futwiz.com/assets/img/fifa20/faces/179813.png,https://www.futwiz.com/assets/img/fifa20/badges/73.png,https://www.futwiz.com/assets/img/fifa19/flags/60.png
40,Coutinho,Bayern Munich, GER 1,87,5,4,27,"5'8""",172cm,68kg,High/Med,Right,LW,0,0,0,0,0,0,0,0,80,85,75,82,86,78,84,90,79,71,86,88,80,88,86,83,92,91,93,94,82,92,91,77,53,49,48,56,55,47,65,59,77,61,59,https://www.futwiz.com/assets/img/fifa20/faces/189242.png,https://www.futwiz.com/assets/img/fifa20/badges/21.png,https://www.futwiz.com/assets/img/fifa19/flags/54.png
41,Keylor Navas,Real Madrid ,ESP 1,87,1,3,32,"6'1""",185cm,80kg,Med/Med,Right,GK,90,81,75,90,0,0,0,82,0,0,0,0,0,0,0,0,0,0,0,0,0,0,0,0,0,0,0,0,0,0,0,0,0,0,0,0,0,0,0,0,0,0,0,https://www.futwiz.com/assets/img/fifa20/faces/193041.png,https://www.futwiz.com/assets/img/fifa20/badges/243.png,https://www.futwiz.com/assets/img/fifa19/flags/72.png
42,Bernardo Silva,Manchester City , ENG 1,87,4,3,25,"5'8""",173cm,64kg,High/High,Left,RW,0,0,0,0,0,0,0,0,81,85,78,76,85,78,74,75,69,68,83,85,85,67,86,74,84,92,94,92,85,92,92,87,51,49,51,49,59,40,67,51,93,54,69,https://www.futwiz.com/assets/img/fifa20/faces/218667.png,https://www.futwiz.com/assets/img/fifa20/badges/10.png,https://www.futwiz.com/assets/img/fifa19/flags/38.png
43,Aymeric Laporte,Manchester City , ENG 1,87,2,3,25,"6'2""",189cm,85kg,Med/Med,Left,CB,0,0,0,0,0,0,0,0,64,61,66,50,54,45,68,47,40,44,71,65,58,69,81,80,61,69,59,60,87,77,63,85,88,87,86,88,89,88,82,78,78,85,79,https://www.futwiz.com/assets/img/fifa20/faces/212218.png,https://www.futwiz.com/assets/img/fifa20/badges/10.png,https://www.futwiz.com/assets/img/fifa19/flags/18.png
44,Casemiro,Real Madrid , ESP 1,87,2,3,27,"6'1""",185cm,84kg,Med/High,Right,CDM,0,0,0,0,0,0,0,0,62,58,66,72,69,64,86,81,61,66,75,77,58,74,83,82,63,72,62,66,86,78,69,84,85,86,76,84,87,86,89,87,88,90,89,https://www.futwiz.com/assets/img/fifa20/faces/200145.png,https://www.futwiz.com/assets/img/fifa20/badges/243.png,https://www.futwiz.com/assets/img/fifa19/flags/54.png
45,Heung Min Son,Tottenham Hotspur , ENG 1,87,4,5,27,"6'0""",183cm,78kg,High/High,Right,CF,0,0,0,0,0,0,0,0,88,86,89,86,88,86,88,90,81,71,80,81,81,70,83,70,85,87,86,76,89,87,88,87,42,39,65,48,34,33,68,63,87,62,60,https://www.futwiz.com/assets/img/fifa20/faces/200104.png,https://www.futwiz.com/assets/img/fifa20/badges/18.png,https://www.futwiz.com/assets/img/fifa19/flags/167.png
46,Lorenzo Insigne,Napoli , ITA 1,87,4,4,28,"5'4""",163cm,59kg,High/Med,Right,CF,0,0,0,0,0,0,0,0,89,94,85,79,85,77,79,85,74,68,85,89,86,77,87,78,87,91,94,93,84,93,90,83,35,26,59,49,24,22,47,52,72,40,34,https://www.futwiz.com/assets/img/fifa20/faces/198219.png,https://www.futwiz.com/assets/img/fifa20/badges/48.png,https://www.futwiz.com/assets/img/fifa19/flags/27.png
47,Thiago,Bayern Munich, GER 1,87,5,3,28,"5'9""",174cm,70kg,Med/Med,Right,CM,0,0,0,0,0,0,0,0,69,76,64,74,79,69,76,79,86,75,85,86,78,77,90,87,85,90,91,88,86,91,90,87,69,83,54,67,67,71,63,76,75,59,56,https://www.futwiz.com/assets/img/fifa20/faces/189509.png,https://www.futwiz.com/assets/img/fifa20/badges/21.png,https://www.futwiz.com/assets/img/fifa19/flags/45.png
48,Jordi Alba,FC Barcelona , ESP 1,87,3,3,30,"5'7""",170cm,68kg,High/Med,Left,LB,0,0,0,0,0,0,0,0,90,91,90,69,83,73,64,66,60,59,81,78,87,63,84,79,80,83,89,85,85,85,81,82,79,83,70,74,83,84,73,81,92,61,77,https://www.futwiz.com/assets/img/fifa20/faces/189332.png,https://www.futwiz.com/assets/img/fifa20/badges/241.png,https://www.futwiz.com/assets/img/fifa19/flags/45.png
49,Toby Alderweireld,Tottenham Hotspur , ENG 1,87,2,3,30,"6'1""",186cm,81kg,Med/Med,Right,CB,0,0,0,0,0,0,0,0,64,61,66,55,54,45,78,58,38,58,72,62,64,69,79,85,63,67,59,50,87,75,62,86,88,88,82,90,90,86,79,84,78,79,81,https://www.futwiz.com/assets/img/fifa20/faces/184087.png,https://www.futwiz.com/assets/img/fifa20/badges/18.png,https://www.futwiz.com/assets/img/fifa19/flags/7.png
50,Mats Hummels,Borussia Dortmund , GER 1,87,3,3,30,"6'3""",191cm,94kg,High/Med,Right,CB,0,0,0,0,0,0,0,0,51,46,55,58,56,55,71,51,60,68,76,79,64,53,81,85,65,73,64,59,87,81,68,89,89,89,87,90,89,86,76,68,65,85,71,https://www.futwiz.com/assets/img/fifa20/faces/178603.png,https://www.futwiz.com/assets/img/fifa20/badges/22.png,https://www.futwiz.com/assets/img/fifa19/flags/21.png
51,Dries Mertens,Napoli , ITA 1,87,4,4,32,"5'7""",169cm,61kg,High/Low,Right,CF,0,0,0,0,0,0,0,0,88,93,83,83,87,86,80,81,70,79,80,83,79,79,82,74,82,90,94,92,88,89,91,81,35,36,40,25,40,40,53,59,73,39,59,https://www.futwiz.com/assets/img/fifa20/faces/175943.png,https://www.futwiz.com/assets/img/fifa20/badges/48.png,https://www.futwiz.com/assets/img/fifa19/flags/7.png
52,Jan Vertonghen,Tottenham Hotspur , ENG 1,87,3,3,32,"6'2""",189cm,86kg,High/High,Left,CB,0,0,0,0,0,0,0,0,63,60,65,63,56,56,80,66,52,66,74,68,72,70,79,74,66,73,60,60,85,77,71,84,87,89,80,89,87,88,79,85,75,79,84,https://www.futwiz.com/assets/img/fifa20/faces/172871.png,https://www.futwiz.com/assets/img/fifa20/badges/18.png,https://www.futwiz.com/assets/img/fifa19/flags/7.png
53,Karim Benzema,Real Madrid , ESP 1,87,4,4,31,"6'1""",185cm,81kg,Med/Low,Right,CF,0,0,0,0,0,0,0,0,76,78,74,82,88,84,82,76,83,82,80,86,75,73,85,72,81,86,78,69,85,90,86,87,39,39,83,47,24,18,77,77,79,80,65,https://www.futwiz.com/assets/img/fifa20/faces/165153.png,https://www.futwiz.com/assets/img/fifa20/badges/243.png,https://www.futwiz.com/assets/img/fifa19/flags/18.png
54,Thiago Silva,Paris Saint-Germain , FRA 1,87,2,3,34,"6'0""",183cm,82kg,Med/High,Right,CB,0,0,0,0,0,0,0,0,62,60,64,54,59,40,71,65,61,60,72,70,60,61,80,80,62,73,67,67,82,80,67,86,87,90,81,88,88,85,78,90,71,81,76,https://www.futwiz.com/assets/img/fifa20/faces/164240.png,https://www.futwiz.com/assets/img/fifa20/badges/73.png,https://www.futwiz.com/assets/img/fifa19/flags/54.png
55,Fernandinho,Manchester City , ENG 1,87,3,4,34,"5'10""",179cm,67kg,Med/High,Right,CDM,0,0,0,0,0,0,0,0,66,68,64,74,70,69,83,78,74,61,79,78,68,72,86,83,70,79,69,77,89,82,77,81,84,89,66,87,86,80,79,78,79,76,87,https://www.futwiz.com/assets/img/fifa20/faces/135507.png,https://www.futwiz.com/assets/img/fifa20/badges/10.png,https://www.futwiz.com/assets/img/fifa19/flags/54.png
56,Josef Martinez,Atlanta United FC , USA 1,86,3,4,26,"5'7""",170cm,69kg,High/Med,Right,ST,0,0,0,0,0,0,0,0,93,90,94,85,91,90,87,71,80,85,72,68,62,67,81,64,80,85,97,98,87,85,81,80,29,23,89,23,23,17,79,93,77,80,71,https://www.futwiz.com/assets/img/fifa20/faces/207877.png,https://www.futwiz.com/assets/img/fifa20/badges/112885.png,https://www.futwiz.com/assets/img/fifa19/flags/61.png
57,Frenkie de Jong,FC Barcelona , ESP 1,86,4,3,22,"5'11""",180cm,74kg,Med/High,Right,CM,0,0,0,0,0,0,0,0,80,81,78,66,72,66,70,63,71,46,86,88,76,65,92,88,86,89,84,79,87,90,89,91,77,82,66,75,75,78,77,77,83,74,72,https://www.futwiz.com/assets/img/fifa20/faces/228702.png,https://www.futwiz.com/assets/img/fifa20/badges/241.png,https://www.futwiz.com/assets/img/fifa19/flags/34.png
58,Zlatan Ibrahimovic,Los Angeles Galaxy , USA 1,86,5,4,37,"6'5""",195cm,95kg,Med/Low,Right,ST,0,0,0,0,0,0,0,0,57,58,55,89,92,86,91,89,89,90,79,86,71,80,79,74,82,80,73,40,84,86,78,92,35,20,85,28,38,24,79,68,59,88,85,https://www.futwiz.com/assets/img/fifa20/faces/41236.png,https://www.futwiz.com/assets/img/fifa20/badges/697.png,https://www.futwiz.com/assets/img/fifa19/flags/46.png
59,Milan Skriniar,Inter , ITA 1,86,2,4,24,"6'2""",187cm,80kg,Med/High,Right,CB,0,0,0,0,0,0,0,0,69,70,69,41,30,42,50,30,40,56,59,57,40,30,73,69,34,66,48,51,83,69,67,81,87,86,82,92,87,83,82,78,75,85,86,https://www.futwiz.com/assets/img/fifa20/faces/232363.png,https://www.futwiz.com/assets/img/fifa20/badges/44.png,https://www.futwiz.com/assets/img/fifa19/flags/43.png
60,Leroy Sane,Manchester City , ENG 1,86,4,3,23,"6'0""",183cm,75kg,High/Med,Left,LW,0,0,0,0,0,0,0,0,95,93,96,81,84,81,87,78,85,71,79,82,83,82,80,64,83,86,86,80,81,85,88,80,38,34,72,36,32,35,70,64,78,70,61,https://www.futwiz.com/assets/img/fifa20/faces/222492.png,https://www.futwiz.com/assets/img/fifa20/badges/10.png,https://www.futwiz.com/assets/img/fifa19/flags/21.png
61,Joshua Kimmich,Bayern Munich, GER 1,86,3,4,24,"5'9""",176cm,73kg,High/Low,Right,RB,0,0,0,0,0,0,0,0,72,77,68,69,80,66,76,71,67,44,86,84,91,61,87,85,85,84,84,84,87,85,83,85,79,80,74,78,80,79,78,79,94,66,86,https://www.futwiz.com/assets/img/fifa20/faces/212622.png,https://www.futwiz.com/assets/img/fifa20/badges/21.png,https://www.futwiz.com/assets/img/fifa19/flags/21.png
62,Marquinhos,Paris Saint-Germain , FRA 1,86,3,3,25,"6'0""",183cm,75kg,Med/High,Right,CB,0,0,0,0,0,0,0,0,74,72,76,41,59,33,61,35,31,47,73,68,68,32,82,82,55,71,69,68,85,79,64,86,86,86,84,86,87,87,77,89,76,75,80,https://www.futwiz.com/assets/img/fifa20/faces/207865.png,https://www.futwiz.com/assets/img/fifa20/badges/73.png,https://www.futwiz.com/assets/img/fifa19/flags/54.png
63,Samuel Umtiti,FC Barcelona , ESP 1,86,2,3,25,"6'0""",182cm,75kg,Med/High,Left,CB,0,0,0,0,0,0,0,0,69,66,72,63,51,51,83,74,65,61,69,58,61,62,80,73,72,70,62,66,82,77,64,82,86,87,79,87,88,85,82,88,71,86,82,https://www.futwiz.com/assets/img/fifa20/faces/205600.png,https://www.futwiz.com/assets/img/fifa20/badges/241.png,https://www.futwiz.com/assets/img/fifa19/flags/18.png
64,Roberto Firmino,Liverpool , ENG 1,86,4,4,27,"5'11""",181cm,76kg,High/High,Right,CF,0,0,0,0,0,0,0,0,77,78,77,82,87,85,81,76,81,72,80,86,72,65,86,76,80,87,80,81,86,88,88,88,61,58,78,60,64,42,78,81,88,74,73,https://www.futwiz.com/assets/img/fifa20/faces/201942.png,https://www.futwiz.com/assets/img/fifa20/badges/9.png,https://www.futwiz.com/assets/img/fifa19/flags/54.png
65,Isco,Real Madrid , ESP 1,86,4,3,27,"5'9""",176cm,79kg,Med/Low,Right,CAM,0,0,0,0,0,0,0,0,71,74,68,77,79,79,69,84,67,76,83,87,78,76,84,80,88,90,85,90,76,93,92,86,59,61,55,58,64,51,60,61,62,59,58,https://www.futwiz.com/assets/img/fifa20/faces/197781.png,https://www.futwiz.com/assets/img/fifa20/badges/243.png,https://www.futwiz.com/assets/img/fifa19/flags/45.png
66,Alexandre Lacazette,Arsenal , ENG 1,86,4,4,28,"5'9""",175cm,73kg,High/High,Right,ST,0,0,0,0,0,0,0,0,82,82,82,85,87,87,86,78,82,84,75,78,68,74,81,69,74,86,85,85,86,86,86,86,40,42,74,29,42,30,74,76,79,73,72,https://www.futwiz.com/assets/img/fifa20/faces/193301.png,https://www.futwiz.com/assets/img/fifa20/badges/1.png,https://www.futwiz.com/assets/img/fifa19/flags/18.png
67,Ciro Immobile,Lazio , ITA 1,86,3,4,29,"6'1""",185cm,85kg,High/Med,Right,ST,0,0,0,0,0,0,0,0,80,76,83,85,91,87,86,80,85,78,63,65,55,51,74,49,70,81,75,63,87,83,83,81,39,40,81,34,33,32,76,77,79,73,77,https://www.futwiz.com/assets/img/fifa20/faces/192387.png,https://www.futwiz.com/assets/img/fifa20/badges/46.png,https://www.futwiz.com/assets/img/fifa19/flags/27.png
68,Thomas Muller,Bayern Munich, GER 1,86,3,4,30,"6'1""",186cm,75kg,High/High,Right,CAM,0,0,0,0,0,0,0,0,72,69,75,83,92,87,78,80,84,60,79,85,79,59,81,72,81,78,74,71,91,82,75,84,55,58,81,44,57,46,71,77,86,67,61,https://www.futwiz.com/assets/img/fifa20/faces/189596.png,https://www.futwiz.com/assets/img/fifa20/badges/21.png,https://www.futwiz.com/assets/img/fifa19/flags/21.png
69,Parejo,Valencia CF , ESP 1,86,3,4,30,"6'0""",182cm,74kg,Med/Med,Right,CM,0,0,0,0,0,0,0,0,41,49,35,80,81,80,79,82,72,83,88,86,84,90,91,88,89,79,64,72,78,85,79,85,70,81,61,69,68,65,69,49,76,71,58,https://www.futwiz.com/assets/img/fifa20/faces/189513.png,https://www.futwiz.com/assets/img/fifa20/badges/461.png,https://www.futwiz.com/assets/img/fifa19/flags/45.png
70,Wojciech Szczesny,Piemonte Calcio , ITA 1,86,1,3,29,"6'5""",195cm,90kg,Med/Med,Right,GK,85,82,73,88,49,51,47,86,0,51,47,0,14,12,55,14,14,18,0,48,12,14,32,36,16,0,55,51,82,22,11,65,0,15,16,20,13,12,0,71,45,65,40,https://www.futwiz.com/assets/img/fifa20/faces/186153.png,https://www.futwiz.com/assets/img/fifa20/badges/45.png,https://www.futwiz.com/assets/img/fifa19/flags/37.png
71,Leonardo Bonucci,Piemonte Calcio , ITA 1,86,2,4,32,"6'3""",190cm,85kg,Low/High,Right,CB,0,0,0,0,0,0,0,0,58,55,60,58,38,48,74,65,58,70,69,74,44,61,77,85,56,71,61,55,84,75,69,86,87,90,84,90,86,80,79,85,68,82,82,https://www.futwiz.com/assets/img/fifa20/faces/184344.png,https://www.futwiz.com/assets/img/fifa20/badges/45.png,https://www.futwiz.com/assets/img/fifa19/flags/27.png
72,Miralem Pjanic,Piemonte Calcio , ITA 1,86,3,4,29,"5'10""",178cm,72kg,Med/Med,Right,CM,0,0,0,0,0,0,0,0,68,69,67,68,68,56,78,82,72,79,87,88,80,92,91,87,86,85,75,81,84,89,86,86,75,78,60,78,76,70,67,60,79,61,70,https://www.futwiz.com/assets/img/fifa20/faces/180206.png,https://www.futwiz.com/assets/img/fifa20/badges/45.png,https://www.futwiz.com/assets/img/fifa19/flags/8.png
73,Ivan Rakitic,FC Barcelona , ESP 1,86,3,4,31,"6'0""",184cm,78kg,Med/Med,Right,CM,0,0,0,0,0,0,0,0,62,64,61,81,77,78,84,85,84,82,86,85,84,82,86,90,88,81,73,62,80,87,80,80,74,79,59,76,73,72,70,34,79,71,67,https://www.futwiz.com/assets/img/fifa20/faces/168651.png,https://www.futwiz.com/assets/img/fifa20/badges/241.png,https://www.futwiz.com/assets/img/fifa19/flags/10.png
74,Marco Verratti,Paris Saint-Germain , FRA 1,86,4,4,26,"5'5""",165cm,60kg,Med/High,Right,CM,0,0,0,0,0,0,0,0,65,69,61,60,71,60,56,58,64,64,84,87,75,64,90,89,74,90,91,94,85,89,90,95,79,84,55,78,82,83,66,64,77,52,89,https://www.futwiz.com/assets/img/fifa20/faces/199556.png,https://www.futwiz.com/assets/img/fifa20/badges/73.png,https://www.futwiz.com/assets/img/fifa19/flags/27.png
75,Angel Di Maria,Paris Saint-Germain , FRA 1,86,5,2,31,"5'11""",180cm,69kg,High/Med,Left,RW,0,0,0,0,0,0,0,0,84,85,84,79,84,76,83,84,77,73,84,86,86,88,83,80,88,87,94,77,82,86,87,84,48,42,51,41,55,52,68,72,78,60,73,https://www.futwiz.com/assets/img/fifa20/faces/183898.png,https://www.futwiz.com/assets/img/fifa20/badges/73.png,https://www.futwiz.com/assets/img/fifa19/flags/52.png
76,Matthijs de Ligt,Piemonte Calcio , ITA 1,85,2,4,20,"6'2""",189cm,89kg,Med/High,Right,CB,0,0,0,0,0,0,0,0,67,61,72,58,44,50,82,64,40,40,66,63,52,55,76,74,48,69,56,60,83,74,66,82,83,82,85,86,82,80,84,84,77,88,82,https://www.futwiz.com/assets/img/fifa20/faces/235243.png,https://www.futwiz.com/assets/img/fifa20/badges/45.png,https://www.futwiz.com/assets/img/fifa19/flags/34.png
77,Rodri,Manchester City , ENG 1,85,3,4,23,"6'3""",191cm,82kg,Med/High,Right,CDM,0,0,0,0,0,0,0,0,67,68,66,68,75,64,74,76,59,46,77,82,63,54,85,82,65,78,69,72,82,82,76,85,82,84,75,82,84,78,80,69,84,80,76,https://www.futwiz.com/assets/img/fifa20/faces/231866.png,https://www.futwiz.com/assets/img/fifa20/badges/10.png,https://www.futwiz.com/assets/img/fifa19/flags/45.png
78,Romelu Lukaku,Inter , ITA 1,85,3,4,26,"6'3""",190cm,94kg,Med/Med,Left,ST,0,0,0,0,0,0,0,0,75,64,84,82,86,84,87,74,77,78,73,73,72,66,75,71,78,72,55,46,84,70,78,81,35,27,85,30,30,30,84,71,75,95,71,https://www.futwiz.com/assets/img/fifa20/faces/192505.png,https://www.futwiz.com/assets/img/fifa20/badges/44.png,https://www.futwiz.com/assets/img/fifa19/flags/7.png
79,Mauro Icardi,Paris Saint-Germain , FRA 1,85,3,4,26,"5'11""",181cm,75kg,Med/Low,Right,ST,0,0,0,0,0,0,0,0,75,76,75,84,92,89,84,70,85,82,61,64,46,45,73,54,58,77,75,76,85,80,75,79,36,22,88,45,24,20,69,94,67,73,56,https://www.futwiz.com/assets/img/fifa20/faces/201399.png,https://www.futwiz.com/assets/img/fifa20/badges/73.png,https://www.futwiz.com/assets/img/fifa19/flags/52.png
80,Lucas Vazquez,Real Madrid , ESP 1,85,4,4,28,"5'8""",173cm,70kg,High/Low,Right,RW,0,0,0,0,0,0,0,0,86,89,83,80,89,78,87,83,63,61,84,85,85,75,84,79,87,85,85,87,89,85,86,78,61,62,58,59,62,61,74,72,97,61,77,https://www.futwiz.com/assets/img/fifa20/faces/208618.png,https://www.futwiz.com/assets/img/fifa20/badges/243.png,https://www.futwiz.com/assets/img/fifa19/flags/45.png
81,Corentin Tolisso,Bayern Munich, GER 1,85,3,3,25,"5'11""",181cm,81kg,High/Med,Right,CM,0,0,0,0,0,0,0,0,72,76,68,80,82,77,85,84,64,72,82,83,69,75,87,89,68,81,77,76,86,85,79,76,79,79,85,77,81,73,82,86,87,78,84,https://www.futwiz.com/assets/img/fifa20/faces/219683.png,https://www.futwiz.com/assets/img/fifa20/badges/21.png,https://www.futwiz.com/assets/img/fifa19/flags/18.png
82,Wilfried Zaha,Crystal Palace , ENG 1,85,5,3,26,"5'11""",180cm,66kg,High/Low,Right,ST,0,0,0,0,0,0,0,0,93,89,95,80,82,82,85,73,67,69,76,80,82,53,79,68,60,89,89,82,78,89,92,82,29,24,50,23,31,30,76,59,78,76,74,https://www.futwiz.com/assets/img/fifa20/faces/198717.png,https://www.futwiz.com/assets/img/fifa20/badges/1799.png,https://www.futwiz.com/assets/img/fifa19/flags/108.png
83,Iago Aspas,RC Celta de Vigo , ESP 1,85,3,3,32,"5'9""",176cm,67kg,High/High,Left,ST,0,0,0,0,0,0,0,0,78,80,76,84,86,88,79,82,83,82,77,79,80,76,79,68,80,85,87,72,85,85,86,85,35,39,78,39,21,18,64,66,71,60,63,https://www.futwiz.com/assets/img/fifa20/faces/192629.png,https://www.futwiz.com/assets/img/fifa20/badges/450.png,https://www.futwiz.com/assets/img/fifa19/flags/45.png
84,Gianluigi Donnarumma,Milan , ITA 1,85,1,3,20,"6'5""",196cm,90kg,Med/Med,Right,GK,90,80,74,90,49,46,54,80,0,46,54,0,14,12,56,18,8,24,0,50,12,14,34,24,12,0,64,38,79,28,28,68,0,26,12,20,14,16,0,72,34,72,30,https://www.futwiz.com/assets/img/fifa20/faces/230621.png,https://www.futwiz.com/assets/img/fifa20/badges/47.png,https://www.futwiz.com/assets/img/fifa19/flags/27.png
85,Sergej Milinkovic-Savic,Lazio , ITA 1,85,4,4,24,"6'3""",191cm,76kg,High/Med,Right,CM,0,0,0,0,0,0,0,0,67,66,67,79,79,80,83,80,74,56,80,85,64,75,85,85,78,82,65,59,80,87,86,82,77,78,86,75,77,72,84,85,85,88,73,https://www.futwiz.com/assets/img/fifa20/faces/223848.png,https://www.futwiz.com/assets/img/fifa20/badges/46.png,https://www.futwiz.com/assets/img/fifa19/flags/51.png
86,Clement Lenglet,FC Barcelona , ESP 1,85,2,4,24,"6'1""",186cm,81kg,Med/High,Left,CB,0,0,0,0,0,0,0,0,75,77,74,45,54,39,58,46,37,49,68,66,55,31,81,75,59,66,62,60,84,76,57,82,86,87,82,90,83,81,80,86,75,82,80,https://www.futwiz.com/assets/img/fifa20/faces/220440.png,https://www.futwiz.com/assets/img/fifa20/badges/241.png,https://www.futwiz.com/assets/img/fifa19/flags/18.png
87,Jose Maria Gimenez,Atletico Madrid, ESP 1,85,2,3,24,"6'1""",185cm,80kg,Med/High,Right,CB,0,0,0,0,0,0,0,0,69,67,70,45,24,37,72,48,30,38,52,27,47,44,69,62,36,56,54,39,79,60,50,75,86,85,81,88,86,86,82,89,64,88,89,https://www.futwiz.com/assets/img/fifa20/faces/216460.png,https://www.futwiz.com/assets/img/fifa20/badges/240.png,https://www.futwiz.com/assets/img/fifa19/flags/60.png
88,Andrew Robertson,Liverpool , ENG 1,85,3,2,25,"5'10""",178cm,64kg,High/High,Left,LB,0,0,0,0,0,0,0,0,85,83,86,62,76,57,74,65,32,55,77,77,89,30,79,71,78,79,78,74,84,81,78,79,80,82,63,81,83,80,75,62,94,65,80,https://www.futwiz.com/assets/img/fifa20/faces/216267.png,https://www.futwiz.com/assets/img/fifa20/badges/9.png,https://www.futwiz.com/assets/img/fifa19/flags/42.png
89,Bruno Fernandes,Sporting CP , POR 1,85,4,4,25,"5'10""",179cm,69kg,High/High,Right,CAM,0,0,0,0,0,0,0,0,77,79,76,83,81,77,89,88,86,87,87,88,86,87,86,87,86,85,78,79,84,87,85,86,65,73,58,66,64,57,74,72,92,67,70,https://www.futwiz.com/assets/img/fifa20/faces/212198.png,https://www.futwiz.com/assets/img/fifa20/badges/237.png,https://www.futwiz.com/assets/img/fifa19/flags/38.png
90,Niklas Sule,Bayern Munich, GER 1,85,2,3,24,"6'5""",195cm,97kg,Med/Med,Right,CB,0,0,0,0,0,0,0,0,72,53,87,42,26,22,77,62,33,32,55,40,34,30,78,69,28,51,34,33,81,63,43,75,86,81,86,85,89,87,82,40,66,94,83,https://www.futwiz.com/assets/img/fifa20/faces/212190.png,https://www.futwiz.com/assets/img/fifa20/badges/21.png,https://www.futwiz.com/assets/img/fifa19/flags/21.png
91,Fabinho,Liverpool , ENG 1,85,3,2,25,"6'2""",188cm,78kg,Med/High,Right,CDM,0,0,0,0,0,0,0,0,68,67,69,69,70,66,78,65,47,91,78,78,75,53,83,82,71,77,66,66,84,82,76,84,85,88,75,84,86,85,83,75,88,81,85,https://www.futwiz.com/assets/img/fifa20/faces/209499.png,https://www.futwiz.com/assets/img/fifa20/badges/9.png,https://www.futwiz.com/assets/img/fifa19/flags/54.png
92,Hakim Ziyech,Ajax , NED 1,85,4,2,26,"5'11""",181cm,65kg,High/Med,Left,CAM,0,0,0,0,0,0,0,0,80,83,77,75,82,73,80,77,74,67,86,89,84,78,86,89,90,83,86,78,84,83,83,77,50,52,53,44,56,40,66,37,84,58,73,https://www.futwiz.com/assets/img/fifa20/faces/208670.png,https://www.futwiz.com/assets/img/fifa20/badges/245.png,https://www.futwiz.com/assets/img/fifa19/flags/129.png
93,Carvajal,Real Madrid , ESP 1,85,3,3,27,"5'8""",173cm,73kg,High/High,Right,RB,0,0,0,0,0,0,0,0,81,79,83,47,75,41,68,36,34,45,78,74,84,47,83,74,74,81,80,82,84,84,78,82,82,83,70,83,83,85,80,77,90,74,84,https://www.futwiz.com/assets/img/fifa20/faces/204963.png,https://www.futwiz.com/assets/img/fifa20/badges/243.png,https://www.futwiz.com/assets/img/fifa19/flags/45.png
94,Raphael Varane,Real Madrid , ESP 1,85,2,3,26,"6'3""",191cm,81kg,Med/High,Right,CB,0,0,0,0,0,0,0,0,83,79,86,45,44,40,52,53,42,43,62,59,36,52,75,76,46,64,63,38,83,77,55,84,85,82,83,87,86,85,80,79,72,86,77,https://www.futwiz.com/assets/img/fifa20/faces/201535.png,https://www.futwiz.com/assets/img/fifa20/badges/243.png,https://www.futwiz.com/assets/img/fifa19/flags/18.png
95,Allan,Napoli , ITA 1,85,4,3,28,"5'9""",175cm,74kg,Med/High,Right,CM,0,0,0,0,0,0,0,0,75,79,71,71,79,74,73,69,56,53,78,80,70,49,86,79,65,84,82,86,89,84,84,85,85,89,59,88,88,86,84,69,94,79,90,https://www.futwiz.com/assets/img/fifa20/faces/199914.png,https://www.futwiz.com/assets/img/fifa20/badges/48.png,https://www.futwiz.com/assets/img/fifa19/flags/54.png
96,Anthony Lopes,Olympique Lyonnais , FRA 1,85,1,2,28,"6'0""",184cm,81kg,Med/Med,Left,GK,87,80,75,89,63,63,64,84,0,63,64,0,9,18,56,18,13,16,0,48,19,14,32,31,15,0,67,62,84,21,15,65,0,25,16,13,15,13,0,82,36,73,43,https://www.futwiz.com/assets/img/fifa20/faces/199482.png,https://www.futwiz.com/assets/img/fifa20/badges/66.png,https://www.futwiz.com/assets/img/fifa19/flags/38.png
97,James Rodriguez,Real Madrid , ESP 1,85,4,2,28,"5'11""",180cm,75kg,Med/Med,Left,CAM,0,0,0,0,0,0,0,0,55,57,54,86,80,83,86,92,90,81,87,86,90,86,86,83,89,86,80,76,84,90,85,87,50,55,62,52,41,44,63,46,65,64,60,https://www.futwiz.com/assets/img/fifa20/faces/198710.png,https://www.futwiz.com/assets/img/fifa20/badges/243.png,https://www.futwiz.com/assets/img/fifa19/flags/56.png
98,David Alaba,Bayern Munich, GER 1,85,3,4,27,"5'11""",180cm,78kg,Med/Med,Left,LB,0,0,0,0,0,0,0,0,83,79,86,73,76,63,85,80,68,79,81,77,82,85,82,79,78,80,78,78,84,82,79,80,80,82,74,80,80,80,76,83,85,74,69,https://www.futwiz.com/assets/img/fifa20/faces/197445.png,https://www.futwiz.com/assets/img/fifa20/badges/21.png,https://www.futwiz.com/assets/img/fifa19/flags/4.png
99,Neto,FC Barcelona , ESP 1,85,1,2,30,"6'3""",190cm,84kg,Med/Med,Right,GK,86,81,79,82,54,56,52,82,0,56,52,0,11,15,59,20,12,22,0,42,11,13,36,41,12,0,59,49,79,24,19,64,0,15,14,17,14,15,0,83,41,63,40,https://www.futwiz.com/assets/img/fifa20/faces/194404.png,https://www.futwiz.com/assets/img/fifa20/badges/241.png,https://www.futwiz.com/assets/img/fifa19/flags/54.png
100,Koke,Atletico Madrid, ESP 1,85,3,4,27,"5'9""",176cm,74kg,High/High,Right,RM,0,0,0,0,0,0,0,0,68,70,67,75,82,72,84,81,56,59,86,85,86,76,89,87,85,82,71,80,87,85,82,84,74,79,61,74,78,64,79,63,92,75,79,https://www.futwiz.com/assets/img/fifa20/faces/193747.png,https://www.futwiz.com/assets/img/fifa20/badges/240.png,https://www.futwiz.com/assets/img/fifa19/flags/45.png
101,Kostas Manolas,Napoli , ITA 1,85,2,2,28,"6'2""",189cm,83kg,Low/High,Right,CB,0,0,0,0,0,0,0,0,82,81,83,25,25,25,40,12,16,26,42,22,27,10,60,61,30,62,68,60,82,65,54,85,86,86,80,87,87,89,81,86,72,82,86,https://www.futwiz.com/assets/img/fifa20/faces/192774.png,https://www.futwiz.com/assets/img/fifa20/badges/48.png,https://www.futwiz.com/assets/img/fifa19/flags/22.png
102,Alex Sandro,Piemonte Calcio , ITA 1,85,3,3,28,"5'11""",180cm,80kg,High/Med,Left,LB,0,0,0,0,0,0,0,0,83,81,85,65,70,55,80,72,68,60,77,70,84,59,81,71,78,80,78,77,84,81,80,82,82,82,76,81,84,84,82,79,91,78,82,https://www.futwiz.com/assets/img/fifa20/faces/191043.png,https://www.futwiz.com/assets/img/fifa20/badges/45.png,https://www.futwiz.com/assets/img/fifa19/flags/54.png
103,Roman Burki,Borussia Dortmund , GER 1,85,1,2,28,"6'2""",187cm,85kg,Med/Med,Right,GK,86,80,74,89,48,44,54,83,0,44,54,0,10,8,56,14,13,20,0,50,15,12,37,24,13,0,49,52,83,23,12,58,0,18,17,11,13,16,0,74,36,74,35,https://www.futwiz.com/assets/img/fifa20/faces/189117.png,https://www.futwiz.com/assets/img/fifa20/badges/22.png,https://www.futwiz.com/assets/img/fifa19/flags/47.png
104,Peter Gulacsi,RB Leipzig , GER 1,85,1,2,29,"6'4""",192cm,86kg,Med/Med,Right,GK,84,86,81,86,43,42,44,84,0,42,44,0,11,10,61,12,10,24,0,42,16,11,29,25,18,0,41,42,82,25,19,45,0,23,23,25,16,20,0,67,35,74,34,https://www.futwiz.com/assets/img/fifa20/faces/185122.png,https://www.futwiz.com/assets/img/fifa20/badges/112172.png,https://www.futwiz.com/assets/img/fifa19/flags/23.png
105,Axel Witsel,Borussia Dortmund , GER 1,85,4,4,30,"6'1""",186cm,81kg,Med/High,Right,CDM,0,0,0,0,0,0,0,0,73,67,77,74,75,71,78,74,77,76,80,80,69,68,89,84,69,80,76,67,85,84,78,92,83,80,81,82,85,83,81,77,82,82,79,https://www.futwiz.com/assets/img/fifa20/faces/177413.png,https://www.futwiz.com/assets/img/fifa20/badges/22.png,https://www.futwiz.com/assets/img/fifa19/flags/7.png
106,Marcelo,Real Madrid , ESP 1,85,5,4,31,"5'9""",174cm,75kg,High/Low,Left,LB,0,0,0,0,0,0,0,0,81,82,80,74,83,73,82,70,63,59,83,80,89,67,85,77,84,89,85,86,85,92,89,85,77,81,75,71,79,82,79,77,79,78,81,https://www.futwiz.com/assets/img/fifa20/faces/176676.png,https://www.futwiz.com/assets/img/fifa20/badges/243.png,https://www.futwiz.com/assets/img/fifa19/flags/54.png
107,Gareth Bale,Real Madrid , ESP 1,85,4,3,30,"6'1""",185cm,82kg,Med/Med,Left,RW,0,0,0,0,0,0,0,0,91,90,91,87,85,84,92,90,85,76,82,79,86,87,81,80,90,82,79,65,80,84,83,85,58,59,84,54,55,52,76,86,73,80,65,https://www.futwiz.com/assets/img/fifa20/faces/173731.png,https://www.futwiz.com/assets/img/fifa20/badges/243.png,https://www.futwiz.com/assets/img/fifa19/flags/50.png
108,Blaise Matuidi,Piemonte Calcio , ITA 1,85,2,2,32,"5'11""",180cm,75kg,Med/High,Left,CDM,0,0,0,0,0,0,0,0,75,77,73,66,72,60,78,67,72,56,76,74,74,52,83,77,60,78,83,79,84,79,76,82,83,86,68,85,84,86,81,84,90,74,86,https://www.futwiz.com/assets/img/fifa20/faces/170890.png,https://www.futwiz.com/assets/img/fifa20/badges/45.png,https://www.futwiz.com/assets/img/fifa19/flags/18.png
109,Gonzalo Higuain,Piemonte Calcio , ITA 1,85,3,4,31,"6'1""",186cm,89kg,High/Med,Right,ST,0,0,0,0,0,0,0,0,63,62,64,85,90,88,86,80,88,70,71,75,68,62,75,60,74,80,72,69,86,84,80,85,31,20,77,35,22,18,71,78,60,84,50,https://www.futwiz.com/assets/img/fifa20/faces/167664.png,https://www.futwiz.com/assets/img/fifa20/badges/45.png,https://www.futwiz.com/assets/img/fifa19/flags/52.png
110,Alejandro Gomez,Atalanta , ITA 1,85,4,4,31,"5'5""",165cm,68kg,High/Med,Right,CAM,0,0,0,0,0,0,0,0,89,94,85,78,82,79,76,79,72,72,81,85,81,79,81,74,79,86,92,94,81,85,85,84,39,40,38,50,30,34,55,70,70,46,56,https://www.futwiz.com/assets/img/fifa20/faces/143076.png,https://www.futwiz.com/assets/img/fifa20/badges/39.png,https://www.futwiz.com/assets/img/fifa19/flags/52.png
111,Saul,Atletico Madrid, ESP 1,85,3,4,24,"6'0""",184cm,77kg,High/High,Left,CM,0,0,0,0,0,0,0,0,70,71,70,78,82,78,82,81,76,55,79,82,69,60,85,83,72,81,73,69,82,85,81,83,78,79,83,77,78,77,78,78,87,77,69,https://www.futwiz.com/assets/img/fifa20/faces/208421.png,https://www.futwiz.com/assets/img/fifa20/badges/240.png,https://www.futwiz.com/assets/img/fifa19/flags/45.png
112,Julian Brandt,Borussia Dortmund , GER 1,84,4,4,23,"6'1""",185cm,83kg,Med/Med,Right,CAM,0,0,0,0,0,0,0,0,82,78,86,78,80,79,81,80,78,54,81,84,78,59,86,80,77,85,81,78,83,86,86,82,40,39,53,39,42,29,68,63,78,74,43,https://www.futwiz.com/assets/img/fifa20/faces/212194.png,https://www.futwiz.com/assets/img/fifa20/badges/22.png,https://www.futwiz.com/assets/img/fifa19/flags/21.png
113,Lucas Hernandez,Bayern Munich, GER 1,84,2,3,23,"6'0""",182cm,76kg,High/High,Left,CB,0,0,0,0,0,0,0,0,81,79,83,54,62,53,62,51,46,42,70,63,78,39,79,63,59,71,70,68,85,79,65,76,83,83,82,81,84,86,82,85,83,79,86,https://www.futwiz.com/assets/img/fifa20/faces/220814.png,https://www.futwiz.com/assets/img/fifa20/badges/21.png,https://www.futwiz.com/assets/img/fifa19/flags/18.png
114,Teemu Pukki,Norwich City , ENG 1,84,3,3,29,"5'11""",180cm,80kg,High/Med,Right,ST,0,0,0,0,0,0,0,0,84,85,82,84,94,90,84,71,76,73,74,90,57,51,90,44,67,80,82,76,86,81,77,77,36,39,67,32,31,17,76,82,85,76,61,https://www.futwiz.com/assets/img/fifa20/faces/190362.png,https://www.futwiz.com/assets/img/fifa20/badges/1792.png,https://www.futwiz.com/assets/img/fifa19/flags/17.png
115,Felipe Anderson,West Ham United , ENG 1,84,4,4,26,"5'9""",175cm,70kg,High/Med,Right,LM,0,0,0,0,0,0,0,0,89,89,89,77,76,74,86,84,73,53,79,81,81,69,81,76,77,88,89,87,77,88,90,84,55,69,44,47,59,46,61,37,74,55,67,https://www.futwiz.com/assets/img/fifa20/faces/201995.png,https://www.futwiz.com/assets/img/fifa20/badges/19.png,https://www.futwiz.com/assets/img/fifa19/flags/54.png
116,Josip Ilicic,Atalanta , ITA 1,84,4,4,31,"6'3""",190cm,79kg,Med/Med,Left,CF,0,0,0,0,0,0,0,0,70,72,69,84,83,81,88,89,80,78,84,87,82,85,86,74,85,84,71,61,83,88,88,80,43,46,58,53,32,26,67,33,70,72,58,https://www.futwiz.com/assets/img/fifa20/faces/200647.png,https://www.futwiz.com/assets/img/fifa20/badges/39.png,https://www.futwiz.com/assets/img/fifa19/flags/44.png
117,Dusan Tadic,Ajax , NED 1,84,4,3,30,"5'11""",181cm,76kg,Med/Med,Left,CAM,0,0,0,0,0,0,0,0,68,68,68,80,83,83,77,73,79,84,84,88,83,76,85,80,85,85,79,84,84,88,85,87,41,37,66,48,34,26,71,61,85,70,56,https://www.futwiz.com/assets/img/fifa20/faces/199434.png,https://www.futwiz.com/assets/img/fifa20/badges/245.png,https://www.futwiz.com/assets/img/fifa19/flags/51.png
118,Luis Alberto,Lazio , ITA 1,84,4,3,26,"6'0""",183cm,74kg,Med/Med,Right,CAM,0,0,0,0,0,0,0,0,71,75,68,76,80,77,77,76,76,56,84,85,76,81,88,87,86,85,81,74,80,88,86,72,49,42,49,48,56,41,59,54,70,65,29,https://www.futwiz.com/assets/img/fifa20/faces/198706.png,https://www.futwiz.com/assets/img/fifa20/badges/46.png,https://www.futwiz.com/assets/img/fifa19/flags/45.png
119,Stefan de Vrij,Inter , ITA 1,84,2,4,27,"6'2""",189cm,78kg,Med/High,Right,CB,0,0,0,0,0,0,0,0,66,65,66,41,32,25,65,60,27,41,62,64,49,16,73,71,45,68,62,59,81,71,66,82,86,85,80,88,87,84,74,76,62,78,78,https://www.futwiz.com/assets/img/fifa20/faces/198176.png,https://www.futwiz.com/assets/img/fifa20/badges/44.png,https://www.futwiz.com/assets/img/fifa19/flags/34.png
120,Pizzi,SL Benfica , POR 1,84,3,4,29,"5'10""",177cm,72kg,High/Med,Right,RM,0,0,0,0,0,0,0,0,77,82,73,77,84,76,76,78,77,80,84,86,81,76,86,85,83,81,77,77,83,83,81,85,63,70,45,66,66,52,68,67,85,59,68,https://www.futwiz.com/assets/img/fifa20/faces/197965.png,https://www.futwiz.com/assets/img/fifa20/badges/234.png,https://www.futwiz.com/assets/img/fifa19/flags/38.png
121,Bernd Leno,Arsenal , ENG 1,84,1,3,27,"6'3""",190cm,83kg,Med/Med,Right,GK,83,81,78,85,55,55,56,84,0,55,56,0,7,9,59,14,10,23,0,54,9,8,45,42,9,0,52,44,79,30,16,66,0,22,13,27,15,18,0,73,43,68,28,https://www.futwiz.com/assets/img/fifa20/faces/192563.png,https://www.futwiz.com/assets/img/fifa20/badges/1.png,https://www.futwiz.com/assets/img/fifa19/flags/21.png
122,Douglas Costa,Piemonte Calcio , ITA 1,84,5,3,29,"5'8""",172cm,70kg,High/Med,Left,LM,0,0,0,0,0,0,0,0,94,95,93,73,74,64,86,80,76,77,79,80,82,78,83,65,84,91,93,91,80,91,92,80,43,48,50,45,38,34,61,60,71,58,55,https://www.futwiz.com/assets/img/fifa20/faces/190483.png,https://www.futwiz.com/assets/img/fifa20/badges/45.png,https://www.futwiz.com/assets/img/fifa19/flags/54.png
123,Canales,Real Betis BalompiÌ© , ESP 1,84,4,3,28,"5'9""",176cm,65kg,High/Med,Left,CAM,0,0,0,0,0,0,0,0,78,77,78,79,83,80,78,81,63,72,83,87,79,79,84,82,81,81,77,70,81,83,82,80,51,50,46,60,47,43,66,35,77,67,55,https://www.futwiz.com/assets/img/fifa20/faces/190286.png,https://www.futwiz.com/assets/img/fifa20/badges/449.png,https://www.futwiz.com/assets/img/fifa19/flags/45.png
124,Jiri Pavlenka,Werder Bremen , GER 1,84,1,3,27,"6'5""",196cm,81kg,Med/Med,Right,GK,86,79,70,88,36,35,37,80,0,35,37,0,14,16,53,17,19,18,0,25,11,14,28,17,10,0,39,27,82,19,12,39,0,13,14,12,10,14,0,36,20,68,22,https://www.futwiz.com/assets/img/fifa20/faces/236583.png,https://www.futwiz.com/assets/img/fifa20/badges/38.png,https://www.futwiz.com/assets/img/fifa19/flags/12.png
125,Kai Havertz,Bayer 04 Leverkusen , GER 1,84,4,4,20,"6'2""",188cm,83kg,Med/Med,Left,CAM,0,0,0,0,0,0,0,0,84,77,89,78,83,81,73,75,80,69,79,82,73,53,85,78,79,84,78,73,82,87,84,84,44,38,74,39,46,38,65,69,82,65,41,https://www.futwiz.com/assets/img/fifa20/faces/235790.png,https://www.futwiz.com/assets/img/fifa20/badges/32.png,https://www.futwiz.com/assets/img/fifa19/flags/21.png
126,Ousmane Dembele,FC Barcelona , ESP 1,84,5,5,22,"5'10""",178cm,67kg,High/Med,Left,RW,0,0,0,0,0,0,0,0,93,94,93,79,78,79,83,78,76,75,80,78,84,64,82,76,82,87,89,83,78,85,89,82,36,36,43,42,30,33,57,59,69,52,54,https://www.futwiz.com/assets/img/fifa20/faces/231443.png,https://www.futwiz.com/assets/img/fifa20/badges/241.png,https://www.futwiz.com/assets/img/fifa19/flags/18.png
127,Arthur,FC Barcelona , ESP 1,84,4,3,23,"5'7""",171cm,73kg,Med/Med,Right,CM,0,0,0,0,0,0,0,0,69,71,67,71,75,69,74,73,63,69,81,86,70,60,88,82,74,86,79,89,83,88,86,81,73,75,58,76,76,70,70,68,73,67,75,https://www.futwiz.com/assets/img/fifa20/faces/230658.png,https://www.futwiz.com/assets/img/fifa20/badges/241.png,https://www.futwiz.com/assets/img/fifa19/flags/54.png
128,Kingsley Coman,Bayern Munich, GER 1,84,4,3,23,"5'10""",179cm,75kg,Med/Low,Right,LM,0,0,0,0,0,0,0,0,92,94,91,76,83,76,80,73,77,70,77,79,79,70,78,72,84,86,88,85,84,87,87,76,29,23,52,29,27,21,60,73,69,64,36,https://www.futwiz.com/assets/img/fifa20/faces/213345.png,https://www.futwiz.com/assets/img/fifa20/badges/21.png,https://www.futwiz.com/assets/img/fifa19/flags/18.png
129,Alex Telles,FC Porto , POR 1,84,3,2,26,"5'11""",181cm,71kg,High/High,Left,LB,0,0,0,0,0,0,0,0,85,84,85,72,76,65,80,76,67,81,84,76,89,79,84,87,87,81,73,70,83,83,82,80,80,80,74,80,81,79,76,80,91,68,78,https://www.futwiz.com/assets/img/fifa20/faces/212462.png,https://www.futwiz.com/assets/img/fifa20/badges/236.png,https://www.futwiz.com/assets/img/fifa19/flags/54.png
130,Dele Alli,Tottenham Hotspur , ENG 1,84,4,3,23,"6'2""",188cm,80kg,High/High,Right,CAM,0,0,0,0,0,0,0,0,72,68,76,81,88,82,78,80,79,74,79,83,68,68,84,80,75,82,75,62,86,86,83,87,71,74,83,70,70,63,79,71,89,72,84,https://www.futwiz.com/assets/img/fifa20/faces/211117.png,https://www.futwiz.com/assets/img/fifa20/badges/18.png,https://www.futwiz.com/assets/img/fifa19/flags/14.png
131,Leon Goretzka,Bayern Munich, GER 1,84,3,4,24,"6'2""",189cm,79kg,High/Med,Right,CM,0,0,0,0,0,0,0,0,81,84,78,77,79,76,79,83,68,60,80,82,75,75,84,79,76,81,76,70,84,84,81,80,75,79,80,72,74,73,79,74,86,75,80,https://www.futwiz.com/assets/img/fifa20/faces/209658.png,https://www.futwiz.com/assets/img/fifa20/badges/21.png,https://www.futwiz.com/assets/img/fifa19/flags/21.png
132,Felipe,Atletico Madrid, ESP 1,84,2,3,30,"6'3""",190cm,83kg,Med/High,Right,CB,0,0,0,0,0,0,0,0,64,60,67,41,34,39,46,41,44,47,57,50,45,30,72,67,32,61,52,55,80,64,57,75,84,82,81,85,85,80,87,90,79,88,92,https://www.futwiz.com/assets/img/fifa20/faces/207863.png,https://www.futwiz.com/assets/img/fifa20/badges/240.png,https://www.futwiz.com/assets/img/fifa19/flags/54.png
133,Kepa,Chelsea , ENG 1,84,1,4,24,"6'1""",186cm,85kg,Med/Med,Right,GK,84,82,86,85,34,34,33,80,0,34,33,0,15,11,65,14,18,24,0,57,25,19,51,53,25,0,41,39,78,16,10,63,0,21,18,19,18,16,0,71,37,51,18,https://www.futwiz.com/assets/img/fifa20/faces/206585.png,https://www.futwiz.com/assets/img/fifa20/badges/5.png,https://www.futwiz.com/assets/img/fifa19/flags/45.png
134,Serge Gnabry,Bayern Munich, GER 1,84,4,4,24,"5'9""",175cm,75kg,High/Med,Right,RM,0,0,0,0,0,0,0,0,90,92,89,82,82,81,86,81,83,68,75,77,76,62,79,69,70,85,86,88,82,83,87,78,43,38,44,45,42,45,69,64,74,69,63,https://www.futwiz.com/assets/img/fifa20/faces/206113.png,https://www.futwiz.com/assets/img/fifa20/badges/21.png,https://www.futwiz.com/assets/img/fifa19/flags/21.png
135,Edin Visca,Medipol BaÙakÙehir , TUR 1,84,4,4,29,"5'8""",172cm,63kg,High/Med,Right,RM,0,0,0,0,0,0,0,0,88,90,87,79,83,80,80,77,74,75,79,79,82,60,83,71,74,84,93,89,80,84,81,82,47,52,45,55,40,40,64,69,90,58,47,https://www.futwiz.com/assets/img/fifa20/faces/205678.png,https://www.futwiz.com/assets/img/fifa20/badges/101014.png,https://www.futwiz.com/assets/img/fifa19/flags/8.png
136,Memphis Depay,Olympique Lyonnais , FRA 1,84,5,3,25,"5'9""",176cm,78kg,High/Low,Right,CF,0,0,0,0,0,0,0,0,87,87,87,80,83,78,87,81,74,71,81,85,83,88,80,74,85,83,81,79,79,85,84,78,32,28,65,29,31,20,78,74,79,80,75,https://www.futwiz.com/assets/img/fifa20/faces/202556.png,https://www.futwiz.com/assets/img/fifa20/badges/66.png,https://www.futwiz.com/assets/img/fifa19/flags/34.png
137,Nabil Fekir,Real Betis BalompiÌ© , ESP 1,84,4,3,26,"5'8""",173cm,75kg,High/Med,Left,CAM,0,0,0,0,0,0,0,0,78,79,77,82,81,82,84,82,77,74,81,81,83,80,83,75,81,88,82,91,78,89,90,89,33,28,49,31,37,25,77,64,74,82,73,https://www.futwiz.com/assets/img/fifa20/faces/216594.png,https://www.futwiz.com/assets/img/fifa20/badges/449.png,https://www.futwiz.com/assets/img/fifa19/flags/18.png
138,Riyad Mahrez,Manchester City , ENG 1,84,5,4,28,"5'10""",179cm,67kg,Med/Med,Left,RW,0,0,0,0,0,0,0,0,84,87,82,78,79,77,79,80,76,70,79,81,81,78,78,75,84,89,92,87,77,90,90,84,38,39,48,45,31,22,59,60,76,54,48,https://www.futwiz.com/assets/img/fifa20/faces/204485.png,https://www.futwiz.com/assets/img/fifa20/badges/10.png,https://www.futwiz.com/assets/img/fifa19/flags/97.png
139,Joao Cancelo,Manchester City , ENG 1,84,4,3,25,"6'0""",182cm,74kg,High/Med,Right,RB,0,0,0,0,0,0,0,0,90,89,90,65,78,58,80,68,62,46,80,78,86,69,81,75,82,84,82,79,84,84,85,82,78,78,68,79,80,80,71,72,92,60,73,https://www.futwiz.com/assets/img/fifa20/faces/210514.png,https://www.futwiz.com/assets/img/fifa20/badges/10.png,https://www.futwiz.com/assets/img/fifa19/flags/38.png
140,Kyle Walker,Manchester City , ENG 1,84,2,2,29,"6'0""",183cm,70kg,High/High,Right,RB,0,0,0,0,0,0,0,0,91,87,94,63,68,51,86,69,57,63,76,69,81,71,78,75,76,77,66,70,83,78,79,75,81,81,74,78,84,83,81,83,89,77,78,https://www.futwiz.com/assets/img/fifa20/faces/188377.png,https://www.futwiz.com/assets/img/fifa20/badges/10.png,https://www.futwiz.com/assets/img/fifa19/flags/14.png
141,Paulinho,Guangzhou Evergrande Taobao , CHN 1,84,4,3,31,"6'0""",183cm,80kg,High/High,Right,CM,0,0,0,0,0,0,0,0,72,74,71,81,84,81,83,80,75,71,77,79,64,72,83,80,66,80,70,72,82,84,80,81,78,80,85,75,79,75,85,92,92,82,81,https://www.futwiz.com/assets/img/fifa20/faces/187961.png,https://www.futwiz.com/assets/img/fifa20/badges/111839.png,https://www.futwiz.com/assets/img/fifa19/flags/54.png
142,Ilkay Gundogan,Manchester City , ENG 1,84,4,4,28,"5'11""",180cm,80kg,High/Med,Right,CM,0,0,0,0,0,0,0,0,66,67,66,74,78,71,77,74,75,76,84,86,78,74,88,85,85,84,77,77,85,88,84,87,72,77,50,75,74,67,71,61,71,73,70,https://www.futwiz.com/assets/img/fifa20/faces/186942.png,https://www.futwiz.com/assets/img/fifa20/badges/10.png,https://www.futwiz.com/assets/img/fifa19/flags/21.png
143,Jose Callejon,Napoli , ITA 1,84,3,3,32,"5'10""",178cm,73kg,High/High,Right,RM,0,0,0,0,0,0,0,0,89,88,90,78,88,78,78,80,84,62,75,78,82,65,80,51,73,83,85,80,82,85,82,79,47,40,65,64,32,32,64,71,90,54,54,https://www.futwiz.com/assets/img/fifa20/faces/185020.png,https://www.futwiz.com/assets/img/fifa20/badges/48.png,https://www.futwiz.com/assets/img/fifa19/flags/45.png
144,Azpilicueta,Chelsea , ENG 1,84,2,3,30,"5'10""",178cm,76kg,Med/Med,Right,RB,0,0,0,0,0,0,0,0,70,73,68,55,62,46,68,60,51,66,77,74,81,58,80,80,68,73,72,73,86,77,69,78,85,86,75,85,87,86,76,77,83,70,84,https://www.futwiz.com/assets/img/fifa20/faces/184432.png,https://www.futwiz.com/assets/img/fifa20/badges/5.png,https://www.futwiz.com/assets/img/fifa19/flags/45.png
145,Jerome Boateng,Bayern Munich, GER 1,84,2,4,31,"6'4""",192cm,90kg,Med/Med,Right,CB,0,0,0,0,0,0,0,0,66,64,67,50,47,34,78,58,52,46,72,75,69,31,75,83,53,66,55,52,82,70,64,84,84,80,85,83,87,86,82,73,66,91,81,https://www.futwiz.com/assets/img/fifa20/faces/183907.png,https://www.futwiz.com/assets/img/fifa20/badges/21.png,https://www.futwiz.com/assets/img/fifa19/flags/21.png
146,Arturo Vidal,FC Barcelona , ESP 1,84,3,4,32,"5'11""",180cm,75kg,High/High,Right,CM,0,0,0,0,0,0,0,0,67,68,67,79,83,75,84,82,78,81,80,82,76,68,82,81,76,79,73,75,86,83,76,83,85,85,82,82,87,88,86,85,86,83,93,https://www.futwiz.com/assets/img/fifa20/faces/181872.png,https://www.futwiz.com/assets/img/fifa20/badges/241.png,https://www.futwiz.com/assets/img/fifa19/flags/55.png
147,Mario Mandzukic,Piemonte Calcio , ITA 1,84,3,3,33,"6'3""",190cm,85kg,High/High,Right,ST,0,0,0,0,0,0,0,0,68,61,73,80,90,85,83,61,86,76,71,74,72,49,75,67,64,76,65,55,88,79,76,80,65,66,90,59,64,60,86,85,81,87,88,https://www.futwiz.com/assets/img/fifa20/faces/181783.png,https://www.futwiz.com/assets/img/fifa20/badges/45.png,https://www.futwiz.com/assets/img/fifa19/flags/10.png
148,Ivan Perisic,Bayern Munich, GER 1,84,4,5,30,"6'1""",186cm,80kg,Med/Med,Right,LM,0,0,0,0,0,0,0,0,84,83,85,80,83,79,84,78,81,76,78,76,83,75,78,74,73,82,77,74,79,85,82,80,62,69,80,64,52,54,77,84,89,76,65,https://www.futwiz.com/assets/img/fifa20/faces/181458.png,https://www.futwiz.com/assets/img/fifa20/badges/21.png,https://www.futwiz.com/assets/img/fifa19/flags/10.png
149,Georginio Wijnaldum,Liverpool , ENG 1,84,4,3,28,"5'9""",175cm,69kg,High/High,Right,CM,0,0,0,0,0,0,0,0,77,79,76,73,78,70,78,71,73,74,78,78,69,67,85,79,76,85,81,84,83,85,85,86,76,78,74,76,78,69,78,79,93,72,74,https://www.futwiz.com/assets/img/fifa20/faces/181291.png,https://www.futwiz.com/assets/img/fifa20/badges/9.png,https://www.futwiz.com/assets/img/fifa19/flags/34.png
150,Edin Dzeko,Roma , ITA 1,84,2,5,33,"6'4""",193cm,80kg,Med/Med,Right,ST,0,0,0,0,0,0,0,0,60,61,60,84,89,88,86,79,77,67,71,75,63,54,77,72,65,75,56,36,83,85,76,83,46,50,83,58,28,16,73,64,72,81,58,https://www.futwiz.com/assets/img/fifa20/faces/180930.png,https://www.futwiz.com/assets/img/fifa20/badges/52.png,https://www.futwiz.com/assets/img/fifa19/flags/8.png
151,Yann Sommer,Borussia M.gladbach , GER 1,84,1,4,30,"6'0""",183cm,79kg,Med/Med,Right,GK,79,85,81,87,50,48,54,80,0,48,54,0,15,13,61,12,8,24,0,58,13,13,40,31,12,0,55,58,81,25,15,57,0,21,10,9,19,12,0,73,45,68,38,https://www.futwiz.com/assets/img/fifa20/faces/177683.png,https://www.futwiz.com/assets/img/fifa20/badges/23.png,https://www.futwiz.com/assets/img/fifa19/flags/47.png
152,Javi Martinez,Bayern Munich, GER 1,84,2,3,31,"6'4""",192cm,86kg,Low/Med,Right,CDM,0,0,0,0,0,0,0,0,48,45,50,55,51,43,76,62,58,52,69,74,58,45,76,74,46,64,52,49,85,71,59,80,86,88,87,85,86,85,83,85,72,85,91,https://www.futwiz.com/assets/img/fifa20/faces/177610.png,https://www.futwiz.com/assets/img/fifa20/badges/21.png,https://www.futwiz.com/assets/img/fifa19/flags/45.png
153,Mesut Ozil,Arsenal , ENG 1,84,4,2,30,"5'11""",180cm,76kg,Med/Low,Left,CAM,0,0,0,0,0,0,0,0,70,72,69,72,81,73,70,69,80,67,86,90,83,76,89,82,84,84,77,71,83,89,84,83,24,24,51,24,16,19,56,45,67,56,44,https://www.futwiz.com/assets/img/fifa20/faces/176635.png,https://www.futwiz.com/assets/img/fifa20/badges/1.png,https://www.futwiz.com/assets/img/fifa19/flags/21.png
154,Lucas Leiva,Lazio , ITA 1,84,3,3,32,"5'10""",179cm,78kg,Med/High,Right,CDM,0,0,0,0,0,0,0,0,62,64,61,66,66,62,77,66,59,61,76,81,63,47,82,81,74,78,77,80,82,79,77,86,83,87,72,82,84,81,73,81,82,63,83,https://www.futwiz.com/assets/img/fifa20/faces/176266.png,https://www.futwiz.com/assets/img/fifa20/badges/46.png,https://www.futwiz.com/assets/img/fifa19/flags/54.png
155,Sokratis,Arsenal , ENG 1,84,2,2,31,"6'1""",186cm,85kg,Med/High,Right,CB,0,0,0,0,0,0,0,0,72,66,76,51,49,44,77,48,46,24,52,45,47,35,65,54,29,61,54,64,81,60,58,81,84,76,85,85,86,86,83,86,69,87,88,https://www.futwiz.com/assets/img/fifa20/faces/172879.png,https://www.futwiz.com/assets/img/fifa20/badges/1.png,https://www.futwiz.com/assets/img/fifa19/flags/22.png
156,Marek Hamsik,Dalian Yifang , CHN 1,84,3,5,32,"6'0""",183cm,73kg,High/Med,Right,CM,0,0,0,0,0,0,0,0,69,70,68,77,85,74,82,78,77,70,83,86,78,70,86,83,80,83,77,67,88,85,84,84,72,72,74,75,70,62,69,70,81,67,60,https://www.futwiz.com/assets/img/fifa20/faces/171877.png,https://www.futwiz.com/assets/img/fifa20/badges/112378.png,https://www.futwiz.com/assets/img/fifa19/flags/43.png
157,Salvatore Sirigu,Torino , ITA 1,84,1,2,32,"6'4""",192cm,80kg,Med/Med,Right,GK,84,80,76,82,50,50,51,84,0,50,51,0,10,10,57,14,12,19,0,55,13,11,23,28,11,0,52,55,79,18,15,62,0,20,11,14,11,13,0,68,34,66,34,https://www.futwiz.com/assets/img/fifa20/faces/168435.png,https://www.futwiz.com/assets/img/fifa20/badges/54.png,https://www.futwiz.com/assets/img/fifa19/flags/27.png
158,Stephane Ruffier,AS Saint-Ìätienne , FRA 1,84,1,3,32,"6'2""",188cm,93kg,Med/Med,Right,GK,82,84,75,82,47,45,50,85,0,45,50,0,12,11,56,11,13,25,0,49,11,12,33,34,17,0,51,55,79,15,12,66,0,25,12,13,12,11,0,72,37,76,31,https://www.futwiz.com/assets/img/fifa20/faces/167628.png,https://www.futwiz.com/assets/img/fifa20/badges/1819.png,https://www.futwiz.com/assets/img/fifa19/flags/18.png
159,Joao Moutinho,Wolverhampton Wanderers , ENG 1,84,3,4,33,"5'7""",170cm,61kg,High/High,Right,CM,0,0,0,0,0,0,0,0,56,60,53,75,74,73,76,79,76,70,85,86,81,81,87,85,84,82,75,85,76,85,81,88,71,72,70,71,72,67,67,72,78,60,71,https://www.futwiz.com/assets/img/fifa20/faces/162347.png,https://www.futwiz.com/assets/img/fifa20/badges/110.png,https://www.futwiz.com/assets/img/fifa19/flags/38.png
160,Pepe,FC Porto , POR 1,84,2,3,36,"6'2""",188cm,81kg,Med/High,Right,CB,0,0,0,0,0,0,0,0,67,64,70,51,40,46,63,56,23,57,57,48,46,47,71,61,44,61,63,48,82,62,58,79,85,84,82,86,85,82,85,88,82,83,92,https://www.futwiz.com/assets/img/fifa20/faces/120533.png,https://www.futwiz.com/assets/img/fifa20/badges/236.png,https://www.futwiz.com/assets/img/fifa19/flags/38.png
161,Jadon Sancho,Borussia Dortmund , GER 1,84,5,4,19,"5'11""",180cm,76kg,Med/Low,Right,RM,0,0,0,0,0,0,0,0,88,89,87,72,78,78,68,62,80,57,77,83,78,48,83,59,81,90,91,90,84,88,92,80,36,29,37,32,45,34,60,51,77,59,43,https://www.futwiz.com/assets/img/fifa20/faces/233049.png,https://www.futwiz.com/assets/img/fifa20/badges/22.png,https://www.futwiz.com/assets/img/fifa19/flags/14.png
162,Wissam Ben Yedder,AS Monaco , FRA 1,83,4,5,29,"5'7""",170cm,68kg,High/High,Right,ST,0,0,0,0,0,0,0,0,84,88,81,82,89,88,81,69,83,76,77,80,74,76,80,66,80,85,90,89,83,84,85,84,39,44,74,34,33,26,61,78,68,59,55,https://www.futwiz.com/assets/img/fifa20/faces/199451.png,https://www.futwiz.com/assets/img/fifa20/badges/69.png,https://www.futwiz.com/assets/img/fifa19/flags/18.png
163,Pablo Sarabia,Paris Saint-Germain , FRA 1,83,4,4,27,"5'9""",174cm,70kg,High/Med,Left,CAM,0,0,0,0,0,0,0,0,75,74,75,76,82,78,76,77,64,69,82,84,84,74,83,79,84,84,79,80,77,85,86,74,57,58,61,60,54,49,57,32,71,57,46,https://www.futwiz.com/assets/img/fifa20/faces/198950.png,https://www.futwiz.com/assets/img/fifa20/badges/73.png,https://www.futwiz.com/assets/img/fifa19/flags/45.png
164,Falcao,AS Monaco ,FRA 1,83,3,4,33,"5'10""",177cm,72kg,High/Med,Right,ST,0,0,0,0,0,0,0,0,65,66,64,82,90,86,78,77,83,81,69,70,55,72,78,58,81,77,75,75,82,81,74,85,43,41,89,39,42,19,72,90,67,72,73,https://www.futwiz.com/assets/img/fifa20/faces/167397.png,https://www.futwiz.com/assets/img/fifa20/badges/69.png,https://www.futwiz.com/assets/img/fifa19/flags/56.png
165,Nicolas Pepe,Arsenal , ENG 1,83,4,3,24,"6'0""",183cm,73kg,High/Low,Left,RM,0,0,0,0,0,0,0,0,91,90,91,81,82,82,80,79,70,85,75,80,78,72,75,67,79,85,91,79,83,82,86,83,33,28,57,36,27,25,67,68,84,68,43,https://www.futwiz.com/assets/img/fifa20/faces/226110.png,https://www.futwiz.com/assets/img/fifa20/badges/1.png,https://www.futwiz.com/assets/img/fifa19/flags/108.png
166,Sebastien Haller,West Ham United , ENG 1,83,3,2,25,"6'3""",190cm,82kg,High/Med,Right,ST,0,0,0,0,0,0,0,0,72,68,76,81,84,85,81,67,82,91,62,75,40,46,76,45,57,76,68,53,84,80,76,82,51,36,86,39,61,55,82,80,72,89,76,https://www.futwiz.com/assets/img/fifa20/faces/205693.png,https://www.futwiz.com/assets/img/fifa20/badges/19.png,https://www.futwiz.com/assets/img/fifa19/flags/18.png
167,Marcus Rashford,Manchester United , ENG 1,83,5,3,21,"6'1""",186cm,70kg,High/High,Right,ST,0,0,0,0,0,0,0,0,92,89,94,82,84,81,88,79,76,76,73,75,74,76,75,63,82,83,86,75,81,83,85,78,45,42,72,47,40,33,77,72,87,75,73,https://www.futwiz.com/assets/img/fifa20/faces/232432.png,https://www.futwiz.com/assets/img/fifa20/badges/243.png,https://www.futwiz.com/assets/img/fifa19/flags/51.png
168,Manuel Akanji,Borussia Dortmund , GER 1,83,2,3,24,"6'2""",187cm,91kg,Med/High,Right,CB,0,0,0,0,0,0,0,0,78,70,85,45,33,36,69,48,42,40,68,67,53,30,80,79,46,72,69,64,84,76,69,80,83,81,79,84,84,80,80,81,74,84,76,https://www.futwiz.com/assets/img/fifa20/faces/232432.png,https://www.futwiz.com/assets/img/fifa20/badges/243.png,https://www.futwiz.com/assets/img/fifa19/flags/51.png
169,Fabian,Napoli , ITA 1,83,4,4,23,"6'2""",189cm,70kg,Med/Med,Left,CM,0,0,0,0,0,0,0,0,65,68,63,78,82,79,75,83,67,67,78,84,72,59,81,81,75,82,72,66,83,85,85,77,74,77,67,70,78,75,69,46,73,69,68,https://www.futwiz.com/assets/img/fifa20/faces/231677.png,https://www.futwiz.com/assets/img/fifa20/badges/11.png,https://www.futwiz.com/assets/img/fifa19/flags/14.png
170,Giovani Lo Celso,Tottenham Hotspur , ENG 1,83,4,3,23,"5'10""",177cm,68kg,High/Med,Left,CM,0,0,0,0,0,0,0,0,77,76,78,78,79,80,82,76,69,65,82,85,78,71,83,83,82,84,83,79,82,86,85,81,65,71,57,61,67,62,72,63,79,70,72,https://www.futwiz.com/assets/img/fifa20/faces/231281.png,https://www.futwiz.com/assets/img/fifa20/badges/9.png,https://www.futwiz.com/assets/img/fifa19/flags/14.png
171,Goncalo Guedes,Valencia CF , ESP 1,83,4,4,22,"5'10""",179cm,68kg,High/Med,Right,LM,0,0,0,0,0,0,0,0,90,91,90,79,77,77,85,84,71,69,76,77,78,70,77,69,76,83,82,77,83,81,86,80,36,50,60,24,34,30,70,63,76,68,67,https://www.futwiz.com/assets/img/fifa20/faces/226271.png,https://www.futwiz.com/assets/img/fifa20/badges/48.png,https://www.futwiz.com/assets/img/fifa19/flags/45.png
172,Borja Iglesias,Real Betis BalompiÌ© , ESP 1,83,3,3,26,"6'2""",187cm,86kg,High/Med,Right,ST,0,0,0,0,0,0,0,0,67,65,69,83,84,86,83,82,71,79,63,71,50,36,71,65,41,77,64,72,78,80,77,82,35,30,82,32,31,18,82,70,76,91,68,https://www.futwiz.com/assets/img/fifa20/faces/226226.png,https://www.futwiz.com/assets/img/fifa20/badges/18.png,https://www.futwiz.com/assets/img/fifa19/flags/52.png
173,Pau Lopez,Roma , ITA 1,83,1,3,24,"6'2""",189cm,77kg,Med/Med,Left,GK,82,83,79,84,48,45,52,82,0,45,52,0,20,19,59,18,17,25,0,62,24,21,38,41,23,0,40,57,74,16,18,62,0,16,15,19,20,11,0,71,42,52,39,https://www.futwiz.com/assets/img/fifa20/faces/226110.png,https://www.futwiz.com/assets/img/fifa20/badges/1.png,https://www.futwiz.com/assets/img/fifa19/flags/108.png
174,Marco Asensio,Real Madrid , ESP 1,83,4,3,23,"6'0""",182cm,76kg,High/Med,Left,LW,0,0,0,0,0,0,0,0,81,83,80,80,81,78,86,84,79,62,82,82,82,76,82,81,83,84,79,76,78,87,85,83,43,45,57,40,42,39,62,58,79,61,45,https://www.futwiz.com/assets/img/fifa20/faces/224411.png,https://www.futwiz.com/assets/img/fifa20/badges/461.png,https://www.futwiz.com/assets/img/fifa19/flags/38.png
175,Dakonam Djene,Getafe CF , ESP 1,83,2,4,27,"5'10""",178cm,72kg,Med/High,Right,CB,0,0,0,0,0,0,0,0,72,74,71,37,49,29,67,27,22,41,61,42,60,48,74,64,51,62,71,69,81,71,50,72,83,84,79,83,85,82,79,79,73,79,88,https://www.futwiz.com/assets/img/fifa20/faces/221087.png,https://www.futwiz.com/assets/img/fifa20/badges/52.png,https://www.futwiz.com/assets/img/fifa19/flags/45.png
176,Andrej Kramaric,TSG 1899 Hoffenheim , GER 1,83,4,4,28,"5'10""",177cm,73kg,Med/Med,Right,ST,0,0,0,0,0,0,0,0,73,76,70,85,84,86,83,85,85,90,73,72,76,74,79,53,79,85,83,83,83,85,86,82,30,21,69,35,20,26,71,69,77,67,73,https://www.futwiz.com/assets/img/fifa20/faces/220834.png,https://www.futwiz.com/assets/img/fifa20/badges/243.png,https://www.futwiz.com/assets/img/fifa19/flags/45.png
177,Jonathan Tah,Bayer 04 Leverkusen , GER 1,83,2,4,23,"6'5""",195cm,97kg,Med/Med,Right,CB,0,0,0,0,0,0,0,0,71,64,77,27,27,20,44,25,24,38,59,61,35,27,75,69,30,58,48,38,81,64,55,75,83,80,80,83,87,84,81,72,64,93,76,https://www.futwiz.com/assets/img/fifa20/faces/219683.png,https://www.futwiz.com/assets/img/fifa20/badges/21.png,https://www.futwiz.com/assets/img/fifa19/flags/18.png
178,Anderson Talisca,Guangzhou Evergrande Taobao , CHN 1,83,4,4,25,"6'3""",190cm,80kg,High/Low,Left,CAM,0,0,0,0,0,0,0,0,77,78,76,82,86,80,84,88,76,75,80,81,75,87,81,79,86,81,76,70,79,84,82,74,57,55,77,53,59,42,72,58,79,72,67,https://www.futwiz.com/assets/img/fifa20/faces/217940.png,https://www.futwiz.com/assets/img/fifa20/badges/1860.png,https://www.futwiz.com/assets/img/fifa19/flags/144.png
179,Federico Bernardeschi,Piemonte Calcio , ITA 1,83,5,3,25,"6'1""",185cm,77kg,High/Med,Left,RM,0,0,0,0,0,0,0,0,81,82,81,75,78,68,82,82,74,72,81,82,82,80,85,71,82,87,85,79,80,88,88,82,60,66,54,66,54,50,66,49,79,67,52,https://www.futwiz.com/assets/img/fifa20/faces/216354.png,https://www.futwiz.com/assets/img/fifa20/badges/10029.png,https://www.futwiz.com/assets/img/fifa19/flags/10.png
180,Timo Werner,RB Leipzig , GER 1,83,3,4,23,"5'11""",180cm,75kg,High/Med,Right,ST,0,0,0,0,0,0,0,0,92,93,92,81,85,86,79,70,84,72,67,61,69,56,77,55,63,82,81,76,86,84,83,74,35,37,77,39,20,19,69,71,83,65,63,https://www.futwiz.com/assets/img/fifa20/faces/213331.png,https://www.futwiz.com/assets/img/fifa20/badges/32.png,https://www.futwiz.com/assets/img/fifa19/flags/21.png
181,Anthony Martial,Manchester United , ENG 1,83,4,3,23,"6'0""",184cm,76kg,Med/Low,Right,LW,0,0,0,0,0,0,0,0,89,88,89,81,82,82,84,77,74,81,72,73,72,54,78,60,84,85,84,79,80,86,87,79,41,42,69,34,39,36,71,70,75,74,58,https://www.futwiz.com/assets/img/fifa20/faces/212523.png,https://www.futwiz.com/assets/img/fifa20/badges/111839.png,https://www.futwiz.com/assets/img/fifa19/flags/54.png
182,Alessio Romagnoli,Milan , ITA 1,83,2,3,24,"6'2""",188cm,78kg,Med/High,Left,CB,0,0,0,0,0,0,0,0,63,60,66,40,31,30,64,46,28,34,55,45,36,24,72,71,36,67,60,53,78,70,65,76,85,86,77,88,86,82,79,78,72,80,85,https://www.futwiz.com/assets/img/fifa20/faces/212404.png,https://www.futwiz.com/assets/img/fifa20/badges/45.png,https://www.futwiz.com/assets/img/fifa19/flags/27.png
183,Grimaldo,SL Benfica , POR 1,83,3,2,24,"5'7""",171cm,69kg,High/Med,Left,LB,0,0,0,0,0,0,0,0,85,86,84,63,75,50,79,79,58,51,79,68,84,81,81,79,85,84,84,86,83,83,84,81,77,81,65,75,78,79,71,64,90,63,68,https://www.futwiz.com/assets/img/fifa20/faces/212188.png,https://www.futwiz.com/assets/img/fifa20/badges/112172.png,https://www.futwiz.com/assets/img/fifa19/flags/21.png
184,Adrien Rabiot,Piemonte Calcio , ITA 1,83,3,3,24,"6'4""",192cm,80kg,High/Med,Left,CM,0,0,0,0,0,0,0,0,73,71,74,74,76,69,80,79,72,67,79,80,70,59,85,83,73,81,79,72,83,84,79,84,77,80,77,70,81,75,80,73,80,83,76,https://www.futwiz.com/assets/img/fifa20/faces/211300.png,https://www.futwiz.com/assets/img/fifa20/badges/11.png,https://www.futwiz.com/assets/img/fifa19/flags/18.png
185,Yannick Carrasco,Dalian Yifang , CHN 1,83,4,4,26,"5'11""",180cm,71kg,High/Med,Right,LM,0,0,0,0,0,0,0,0,90,91,90,80,80,80,85,78,68,74,75,71,78,79,75,71,81,86,90,71,82,87,88,75,39,18,53,53,39,26,64,70,74,59,61,https://www.futwiz.com/assets/img/fifa20/faces/210413.png,https://www.futwiz.com/assets/img/fifa20/badges/47.png,https://www.futwiz.com/assets/img/fifa19/flags/27.png
186,William Carvalho,Real Betis BalompiÌ© , ESP 1,83,3,4,27,"6'2""",187cm,83kg,Med/Med,Right,CDM,0,0,0,0,0,0,0,0,42,37,46,57,63,52,69,55,50,60,77,81,68,50,81,85,80,74,45,47,74,81,78,89,79,81,74,80,80,72,85,67,83,91,78,https://www.futwiz.com/assets/img/fifa20/faces/210035.png,https://www.futwiz.com/assets/img/fifa20/badges/234.png,https://www.futwiz.com/assets/img/fifa19/flags/45.png
187,Arkadiusz Milik,Napoli , ITA 1,83,4,3,25,"6'1""",186cm,78kg,Med/Med,Left,ST,0,0,0,0,0,0,0,0,69,67,71,85,85,88,86,82,78,79,64,60,58,84,66,62,74,76,67,63,77,81,76,78,39,36,80,35,34,32,74,64,70,80,67,https://www.futwiz.com/assets/img/fifa20/faces/208418.png,https://www.futwiz.com/assets/img/fifa20/badges/112378.png,https://www.futwiz.com/assets/img/fifa19/flags/7.png
188,Florian Thauvin,Olympique de Marseille , FRA 1,83,4,3,26,"5'10""",179cm,70kg,High/Med,Left,RW,0,0,0,0,0,0,0,0,83,87,80,80,84,80,83,80,75,78,81,80,82,72,83,76,84,83,86,71,83,84,82,82,41,42,72,46,29,31,69,77,83,66,56,https://www.futwiz.com/assets/img/fifa20/faces/207566.png,https://www.futwiz.com/assets/img/fifa20/badges/449.png,https://www.futwiz.com/assets/img/fifa19/flags/38.png
189,Jordan Pickford,Everton , ENG 1,83,1,4,25,"6'1""",185cm,77kg,Med/Med,Left,GK,82,78,87,86,49,53,44,82,0,53,44,0,18,19,65,13,20,45,0,68,17,16,55,56,18,0,55,55,84,40,14,68,0,24,15,21,20,12,0,77,45,70,42,https://www.futwiz.com/assets/img/fifa20/faces/205693.png,https://www.futwiz.com/assets/img/fifa20/badges/19.png,https://www.futwiz.com/assets/img/fifa19/flags/18.png
190,John Stones,Manchester City , ENG 1,83,3,4,25,"6'2""",188cm,70kg,High/Med,Right,CB,0,0,0,0,0,0,0,0,68,65,71,36,49,29,46,38,27,44,70,67,62,29,82,75,47,72,60,59,82,80,69,82,84,81,83,85,85,82,77,75,77,77,79,https://www.futwiz.com/assets/img/fifa20/faces/205175.png,https://www.futwiz.com/assets/img/fifa20/badges/48.png,https://www.futwiz.com/assets/img/fifa19/flags/37.png
191,Lucas Moura,Tottenham Hotspur , ENG 1,83,4,4,27,"5'9""",174cm,70kg,High/Med,Right,CF,0,0,0,0,0,0,0,0,92,95,89,79,82,82,79,76,72,74,76,76,75,74,77,74,71,87,93,92,81,83,88,82,42,50,50,31,43,44,66,90,76,57,72,https://www.futwiz.com/assets/img/fifa20/faces/204970.png,https://www.futwiz.com/assets/img/fifa20/badges/219.png,https://www.futwiz.com/assets/img/fifa19/flags/18.png
192,Danilo Pereira,FC Porto , POR 1,83,3,3,28,"6'2""",188cm,83kg,Med/High,Right,CDM,0,0,0,0,0,0,0,0,65,62,68,63,69,60,74,63,55,57,72,73,55,53,83,81,48,74,57,60,75,78,76,84,82,83,77,83,84,71,85,62,82,89,83,https://www.futwiz.com/assets/img/fifa20/faces/204935.png,https://www.futwiz.com/assets/img/fifa20/badges/7.png,https://www.futwiz.com/assets/img/fifa19/flags/14.png
193,Lucas Digne,Everton , ENG 1,83,3,3,26,"5'10""",178cm,74kg,High/Med,Left,LB,0,0,0,0,0,0,0,0,78,79,78,69,72,60,83,76,68,60,79,73,85,83,81,73,81,79,69,78,83,83,78,79,80,82,71,78,83,84,76,92,85,69,76,https://www.futwiz.com/assets/img/fifa20/faces/203574.png,https://www.futwiz.com/assets/img/fifa20/badges/10.png,https://www.futwiz.com/assets/img/fifa19/flags/14.png
194,Paco Alcacer,Borussia Dortmund , GER 1,83,3,4,26,"5'9""",175cm,72kg,Med/Low,Right,ST,0,0,0,0,0,0,0,0,79,81,78,84,86,86,82,84,85,71,68,67,53,85,79,51,85,81,84,84,85,82,78,84,36,26,78,45,24,22,63,67,65,64,57,https://www.futwiz.com/assets/img/fifa20/faces/200949.png,https://www.futwiz.com/assets/img/fifa20/badges/18.png,https://www.futwiz.com/assets/img/fifa19/flags/54.png
195,Jasper Cillessen,Valencia CF , ESP 1,83,1,3,30,"6'1""",185cm,83kg,Med/Med,Right,GK,82,83,78,83,52,54,50,81,0,54,50,0,11,10,59,15,19,21,0,60,17,10,50,35,10,0,48,50,80,32,12,61,0,25,12,18,12,11,0,71,40,67,25,https://www.futwiz.com/assets/img/fifa20/faces/200888.png,https://www.futwiz.com/assets/img/fifa20/badges/236.png,https://www.futwiz.com/assets/img/fifa19/flags/38.png
196,Francesco Acerbi,Lazio , ITA 1,83,3,3,31,"6'4""",192cm,88kg,Med/Med,Left,CB,0,0,0,0,0,0,0,0,56,61,52,50,20,37,75,60,39,72,61,65,25,56,73,77,62,64,33,35,83,72,65,85,86,86,82,87,86,85,82,66,82,86,75,https://www.futwiz.com/assets/img/fifa20/faces/200458.png,https://www.futwiz.com/assets/img/fifa20/badges/7.png,https://www.futwiz.com/assets/img/fifa19/flags/18.png
197,Charles Aranguiz,Bayer 04 Leverkusen , GER 1,83,3,4,30,"5'7""",171cm,70kg,Med/Med,Right,CM,0,0,0,0,0,0,0,0,63,72,55,72,76,66,80,77,68,76,82,81,78,76,85,84,75,81,80,86,86,83,79,81,74,82,53,76,74,72,73,61,87,64,80,https://www.futwiz.com/assets/img/fifa20/faces/199987.png,https://www.futwiz.com/assets/img/fifa20/badges/461.png,https://www.futwiz.com/assets/img/fifa19/flags/34.png
198,Rodrigo,Valencia CF , ESP 1,83,4,3,28,"6'0""",182cm,77kg,High/Med,Left,ST,0,0,0,0,0,0,0,0,90,88,91,80,83,80,83,76,77,77,74,77,72,67,80,58,83,81,81,74,82,82,82,80,44,31,80,44,41,40,70,77,74,71,60,https://www.futwiz.com/assets/img/fifa20/faces/199042.png,https://www.futwiz.com/assets/img/fifa20/badges/32.png,https://www.futwiz.com/assets/img/fifa19/flags/55.png
199,Bartra,Real Betis BalompiÌ© , ESP 1,83,3,3,28,"6'0""",184cm,73kg,High/Med,Right,CB,0,0,0,0,0,0,0,0,73,75,72,61,61,55,71,70,43,52,73,75,57,51,82,81,66,73,71,70,83,78,68,76,82,84,80,79,83,82,74,87,69,73,80,https://www.futwiz.com/assets/img/fifa20/faces/198950.png,https://www.futwiz.com/assets/img/fifa20/badges/73.png,https://www.futwiz.com/assets/img/fifa19/flags/45.png
200,Kevin Kampl,RB Leipzig , GER 1,83,3,4,28,"5'10""",178cm,67kg,High/High,Right,CM,0,0,0,0,0,0,0,0,76,83,70,67,73,63,69,73,68,64,80,82,72,75,84,79,78,85,90,82,84,84,86,83,63,75,34,65,64,59,62,67,90,47,64,https://www.futwiz.com/assets/img/fifa20/faces/198717.png,https://www.futwiz.com/assets/img/fifa20/badges/1799.png,https://www.futwiz.com/assets/img/fifa19/flags/108.png
201,Idrissa Gueye,Paris Saint-Germain , FRA 1,83,3,3,29,"5'9""",174cm,66kg,Med/High,Right,CDM,0,0,0,0,0,0,0,0,73,74,72,59,65,50,80,66,32,54,70,65,60,61,79,77,45,78,82,80,83,79,76,80,85,89,69,84,90,83,78,88,90,69,85,https://www.futwiz.com/assets/img/fifa20/faces/198329.png,https://www.futwiz.com/assets/img/fifa20/badges/461.png,https://www.futwiz.com/assets/img/fifa19/flags/45.png
202,Juan Cuadrado,Piemonte Calcio , ITA 1,83,5,3,31,"5'10""",179cm,72kg,High/Med,Right,RM,0,0,0,0,0,0,0,0,91,90,92,72,78,64,84,80,70,65,77,76,78,69,81,69,78,87,91,81,78,85,90,80,66,62,58,63,70,74,67,74,74,58,78,https://www.futwiz.com/assets/img/fifa20/faces/198141.png,https://www.futwiz.com/assets/img/fifa20/badges/449.png,https://www.futwiz.com/assets/img/fifa19/flags/45.png
203,Koen Casteels,VfL Wolfsburg , GER 1,83,1,2,27,"6'6""",197cm,86kg,Med/Med,Left,GK,83,79,79,83,45,44,46,82,0,44,46,0,15,15,59,18,13,20,0,42,15,13,35,37,20,0,50,43,82,23,14,40,0,16,14,11,19,17,0,58,44,72,33,https://www.futwiz.com/assets/img/fifa20/faces/195365.png,https://www.futwiz.com/assets/img/fifa20/badges/112172.png,https://www.futwiz.com/assets/img/fifa19/flags/44.png
204,Nicolas Otamendi,Manchester City , ENG 1,83,2,3,31,"6'0""",183cm,81kg,Med/High,Right,CB,0,0,0,0,0,0,0,0,56,55,57,57,48,54,69,56,57,45,63,53,52,39,75,72,50,61,58,58,78,70,51,79,83,83,84,82,84,83,78,89,65,79,91,https://www.futwiz.com/assets/img/fifa20/faces/193474.png,https://www.futwiz.com/assets/img/fifa20/badges/73.png,https://www.futwiz.com/assets/img/fifa19/flags/136.png
205,Lukas Hradecky,Bayer 04 Leverkusen , GER 1,83,1,3,29,"6'4""",192cm,85kg,Med/Med,Right,GK,85,79,69,86,40,38,44,82,0,38,44,0,9,11,52,14,9,20,0,53,11,15,15,20,11,0,43,39,83,20,10,48,0,18,11,10,10,13,0,69,34,55,31,https://www.futwiz.com/assets/img/fifa20/faces/193082.png,https://www.futwiz.com/assets/img/fifa20/badges/45.png,https://www.futwiz.com/assets/img/fifa19/flags/56.png
206,Daley Blind,Ajax , NED 1,83,3,3,29,"5'11""",180cm,72kg,Med/Med,Left,CDM,0,0,0,0,0,0,0,0,54,61,48,65,66,62,73,65,66,54,80,77,80,62,83,83,84,77,71,72,85,82,75,83,82,86,75,82,84,79,74,72,76,74,70,https://www.futwiz.com/assets/img/fifa20/faces/192984.png,https://www.futwiz.com/assets/img/fifa20/badges/175.png,https://www.futwiz.com/assets/img/fifa19/flags/7.png
207,Illarramendi,Real Sociedad , ESP 1,83,3,3,29,"5'10""",179cm,75kg,Med/High,Right,CDM,0,0,0,0,0,0,0,0,54,62,47,71,79,72,69,76,58,50,80,86,68,68,85,82,76,79,69,73,84,83,78,79,80,87,51,83,83,80,71,62,73,68,76,https://www.futwiz.com/assets/img/fifa20/faces/192366.png,https://www.futwiz.com/assets/img/fifa20/badges/10.png,https://www.futwiz.com/assets/img/fifa19/flags/52.png
208,Kevin Trapp,Eintracht Frankfurt , GER 1,83,1,4,29,"6'2""",189cm,86kg,Med/Med,Right,GK,82,77,79,85,48,45,52,83,0,45,52,0,12,13,59,13,12,17,0,46,13,12,25,12,14,0,42,37,81,24,10,62,0,22,11,15,14,10,0,75,45,73,30,https://www.futwiz.com/assets/img/fifa20/faces/190941.png,https://www.futwiz.com/assets/img/fifa20/badges/32.png,https://www.futwiz.com/assets/img/fifa19/flags/17.png
209,Oscar,Shanghai SIPG , CHN 1,83,4,3,28,"5'11""",181cm,71kg,High/Med,Right,CAM,0,0,0,0,0,0,0,0,74,75,73,76,79,76,80,77,65,70,83,83,81,76,86,84,77,81,88,81,81,84,78,75,55,45,54,66,52,47,50,66,77,38,43,https://www.futwiz.com/assets/img/fifa20/faces/190815.png,https://www.futwiz.com/assets/img/fifa20/badges/245.png,https://www.futwiz.com/assets/img/fifa19/flags/34.png
210,Aaron Ramsey,Piemonte Calcio , ITA 1,83,3,3,28,"6'0""",183cm,76kg,High/High,Right,CM,0,0,0,0,0,0,0,0,68,66,69,77,84,75,81,74,79,75,79,81,75,66,84,80,70,80,73,74,81,83,81,81,68,69,58,68,72,68,74,66,89,67,74,https://www.futwiz.com/assets/img/fifa20/faces/190584.png,https://www.futwiz.com/assets/img/fifa20/badges/457.png,https://www.futwiz.com/assets/img/fifa19/flags/45.png
211,Gylfi Sigurdsson,Everton , ENG 1,83,3,4,30,"6'1""",186cm,77kg,High/High,Right,CAM,0,0,0,0,0,0,0,0,56,57,56,81,79,78,84,86,75,79,84,86,86,86,85,77,87,81,68,63,79,85,82,84,57,55,60,57,57,55,69,65,86,65,57,https://www.futwiz.com/assets/img/fifa20/faces/188943.png,https://www.futwiz.com/assets/img/fifa20/badges/1824.png,https://www.futwiz.com/assets/img/fifa19/flags/21.png
212,Jordan Henderson,Liverpool , ENG 1,83,3,3,29,"6'0""",182cm,80kg,High/High,Right,CDM,0,0,0,0,0,0,0,0,64,65,64,70,75,67,77,71,71,64,83,83,82,74,84,84,80,77,69,70,84,81,76,78,78,80,65,79,80,76,80,77,90,74,82,https://www.futwiz.com/assets/img/fifa20/faces/188152.png,https://www.futwiz.com/assets/img/fifa20/badges/112540.png,https://www.futwiz.com/assets/img/fifa19/flags/54.png
213,Max Kruse,FenerbahÌ¤e , TUR 1,83,4,4,31,"5'11""",180cm,76kg,High/Med,Left,CF,0,0,0,0,0,0,0,0,66,67,65,83,85,84,81,79,80,92,83,85,81,69,85,82,82,83,74,77,85,86,83,87,45,34,63,57,38,29,70,65,73,73,62,https://www.futwiz.com/assets/img/fifa20/faces/186561.png,https://www.futwiz.com/assets/img/fifa20/badges/45.png,https://www.futwiz.com/assets/img/fifa19/flags/50.png
214,David Luiz,Arsenal , ENG 1,83,3,3,32,"6'2""",189cm,86kg,Med/Med,Right,CB,0,0,0,0,0,0,0,0,61,58,63,65,54,55,81,73,63,75,74,71,68,76,77,82,70,71,66,56,77,79,66,77,82,84,81,79,83,81,77,78,65,79,86,https://www.futwiz.com/assets/img/fifa20/faces/184484.png,https://www.futwiz.com/assets/img/fifa20/badges/7.png,https://www.futwiz.com/assets/img/fifa19/flags/24.png
215,Sami Khedira,Piemonte Calcio , ITA 1,83,2,4,32,"6'2""",189cm,90kg,Med/High,Right,CM,0,0,0,0,0,0,0,0,51,48,53,74,78,68,82,78,78,68,78,78,72,60,85,81,64,78,55,54,84,83,80,84,80,84,76,80,82,74,80,66,68,87,82,https://www.futwiz.com/assets/img/fifa20/faces/183711.png,https://www.futwiz.com/assets/img/fifa20/badges/9.png,https://www.futwiz.com/assets/img/fifa19/flags/14.png
216,Diego Costa,Atletico Madrid, ESP 1,83,2,4,30,"6'2""",188cm,86kg,High/Med,Right,ST,0,0,0,0,0,0,0,0,73,71,75,82,84,85,83,74,81,75,64,74,65,59,65,52,62,76,56,51,83,82,77,83,49,40,84,58,39,30,85,63,74,90,93,https://www.futwiz.com/assets/img/fifa20/faces/183574.png,https://www.futwiz.com/assets/img/fifa20/badges/326.png,https://www.futwiz.com/assets/img/fifa19/flags/21.png
217,Radja Nainggolan,Cagliari , ITA 1,83,3,3,31,"5'9""",176cm,77kg,High/High,Right,CAM,0,0,0,0,0,0,0,0,72,72,72,79,84,75,84,86,75,63,78,76,73,68,84,81,73,83,75,83,85,84,83,84,83,86,59,83,86,90,82,75,89,76,88,https://www.futwiz.com/assets/img/fifa20/faces/179944.png,https://www.futwiz.com/assets/img/fifa20/badges/1.png,https://www.futwiz.com/assets/img/fifa19/flags/54.png
218,Rui Patricio,Wolverhampton Wanderers , ENG 1,83,1,2,31,"6'3""",190cm,84kg,Med/Med,Left,GK,84,80,77,82,55,53,57,81,0,53,57,0,13,12,58,11,17,32,0,64,12,16,31,30,10,0,61,54,77,23,20,66,0,22,11,14,13,11,0,79,45,77,39,https://www.futwiz.com/assets/img/fifa20/faces/179846.png,https://www.futwiz.com/assets/img/fifa20/badges/45.png,https://www.futwiz.com/assets/img/fifa19/flags/21.png
219,Ezequiel Garay,Valencia CF , ESP 1,83,2,3,32,"6'2""",189cm,90kg,Med/Med,Right,CB,0,0,0,0,0,0,0,0,43,40,45,60,42,51,80,64,49,69,67,63,62,74,72,72,55,62,51,33,77,70,60,77,82,83,80,82,83,83,81,79,66,90,80,https://www.futwiz.com/assets/img/fifa20/faces/179844.png,https://www.futwiz.com/assets/img/fifa20/badges/240.png,https://www.futwiz.com/assets/img/fifa19/flags/45.png
220,Carlos Vela,Los Angeles FC , USA 1,83,4,2,30,"5'10""",177cm,77kg,High/Low,Left,RW,0,0,0,0,0,0,0,0,80,80,80,82,84,85,76,84,82,72,78,81,78,71,81,66,84,84,81,81,83,85,84,83,31,37,67,31,22,14,67,65,74,67,57,https://www.futwiz.com/assets/img/fifa20/faces/178518.png,https://www.futwiz.com/assets/img/fifa20/badges/1842.png,https://www.futwiz.com/assets/img/fifa19/flags/7.png
221,Miranda,Jiangsu Suning , CHN 1,83,2,3,35,"6'1""",186cm,78kg,Med/High,Right,CB,0,0,0,0,0,0,0,0,64,62,66,49,43,43,70,41,51,49,60,58,48,39,70,69,32,68,61,57,80,71,67,81,84,85,80,85,85,83,74,81,59,77,82,https://www.futwiz.com/assets/img/fifa20/faces/178005.png,https://www.futwiz.com/assets/img/fifa20/badges/110.png,https://www.futwiz.com/assets/img/fifa19/flags/38.png
222,Kasper Schmeichel,Leicester City , ENG 1,83,1,3,32,"6'2""",189cm,89kg,Med/Med,Right,GK,82,77,79,88,58,56,60,79,0,56,60,0,13,12,59,14,15,26,0,59,18,15,44,46,13,0,62,47,81,40,12,67,0,20,16,14,14,13,0,60,34,64,35,https://www.futwiz.com/assets/img/fifa20/faces/169416.png,https://www.futwiz.com/assets/img/fifa20/badges/112996.png,https://www.futwiz.com/assets/img/fifa19/flags/83.png
223,Fabio Quagliarella,Sampdoria , ITA 1,83,4,4,36,"5'11""",180cm,79kg,Med/Med,Right,ST,0,0,0,0,0,0,0,0,69,70,68,89,87,89,90,89,88,85,75,77,66,78,79,73,78,80,71,76,84,84,79,84,30,26,69,35,21,15,65,68,65,74,44,https://www.futwiz.com/assets/img/fifa20/faces/168609.png,https://www.futwiz.com/assets/img/fifa20/badges/112162.png,https://www.futwiz.com/assets/img/fifa19/flags/54.png
224,Raul Albiol,Villarreal CF , ESP 1,83,2,3,34,"6'3""",190cm,82kg,Low/High,Right,CB,0,0,0,0,0,0,0,0,48,50,46,41,30,27,65,53,31,37,61,57,38,45,74,72,53,64,53,56,82,71,59,75,86,86,77,89,87,85,72,76,45,81,81,https://www.futwiz.com/assets/img/fifa20/faces/167397.png,https://www.futwiz.com/assets/img/fifa20/badges/325.png,https://www.futwiz.com/assets/img/fifa19/flags/56.png
225,Vincent Kompany,Anderlecht , BEL 1,83,2,3,33,"6'3""",190cm,85kg,Med/High,Right,CB,0,0,0,0,0,0,0,0,50,48,51,53,41,45,73,55,46,63,65,59,61,52,73,66,61,64,50,41,80,70,63,81,84,82,83,85,85,81,79,61,65,87,83,https://www.futwiz.com/assets/img/fifa20/faces/163587.png,https://www.futwiz.com/assets/img/fifa20/badges/95.png,https://www.futwiz.com/assets/img/fifa19/flags/13.png
226,Rune Almenning Jarstein,Hertha BSC , GER 1,83,1,4,34,"6'3""",190cm,86kg,Med/Med,Right,GK,79,82,76,84,42,40,46,86,0,40,46,0,15,13,57,18,16,13,0,37,18,14,34,34,10,0,35,45,76,23,11,55,0,19,16,12,11,13,0,59,31,70,34,https://www.futwiz.com/assets/img/fifa20/faces/159261.png,https://www.futwiz.com/assets/img/fifa20/badges/1837.png,https://www.futwiz.com/assets/img/fifa19/flags/27.png
227,Casillas,FC Porto , POR 1,83,1,2,38,"6'1""",185cm,84kg,Med/Med,Left,GK,85,75,61,84,56,56,55,86,0,56,55,0,16,12,46,13,14,24,0,62,13,13,21,22,25,0,60,46,79,23,25,70,0,22,25,24,11,13,0,77,41,70,23,https://www.futwiz.com/assets/img/fifa20/faces/157481.png,https://www.futwiz.com/assets/img/fifa20/badges/483.png,https://www.futwiz.com/assets/img/fifa19/flags/45.png
228,Gianluigi Buffon,Piemonte Calcio , ITA 1,83,1,2,41,"6'4""",192cm,92kg,Med/Med,Right,GK,78,77,74,80,34,37,30,91,0,37,30,0,12,15,56,13,17,22,0,50,13,13,37,35,20,0,55,49,80,28,26,70,0,28,13,13,11,11,0,71,34,69,38,https://www.futwiz.com/assets/img/fifa20/faces/139720.png,https://www.futwiz.com/assets/img/fifa20/badges/229.png,https://www.futwiz.com/assets/img/fifa19/flags/7.png
229,Iniesta,Vissel Kobe , JPN 1,83,4,4,35,"5'7""",171cm,68kg,High/Med,Right,CM,0,0,0,0,0,0,0,0,64,64,64,70,78,70,67,70,79,71,86,93,77,70,90,84,80,87,79,81,82,91,87,89,62,66,54,68,59,56,60,43,59,62,58,https://www.futwiz.com/assets/img/fifa20/faces/104389.png,https://www.futwiz.com/assets/img/fifa20/badges/166.png,https://www.futwiz.com/assets/img/fifa19/flags/36.png
230,Ever Banega,Sevilla FC , ESP 1,83,4,4,31,"5'9""",174cm,71kg,High/Med,Right,CAM,0,0,0,0,0,0,0,0,61,64,59,73,75,68,76,80,65,78,84,84,80,81,86,85,83,82,74,79,78,85,83,80,77,79,55,80,79,78,70,57,70,67,83,https://www.futwiz.com/assets/img/fifa20/faces/5479.png,https://www.futwiz.com/assets/img/fifa20/badges/236.png,https://www.futwiz.com/assets/img/fifa19/flags/45.png
231,Thomas Lemar,Atletico Madrid, ESP 1,83,4,2,23,"5'7""",171cm,62kg,Med/Med,Left,LM,0,0,0,0,0,0,0,0,83,83,83,76,78,75,79,78,76,68,82,84,83,81,84,75,85,85,87,86,79,86,85,80,59,66,54,55,59,63,67,69,77,64,63,https://www.futwiz.com/assets/img/fifa20/faces/1179.png,https://www.futwiz.com/assets/img/fifa20/badges/45.png,https://www.futwiz.com/assets/img/fifa19/flags/27.png
232,Morata,Atletico Madrid, ESP 1,83,3,4,26,"6'2""",189cm,84kg,High/High,Right,ST,0,0,0,0,0,0,0,0,81,75,85,79,85,81,80,72,80,70,71,76,73,44,78,51,76,79,66,58,80,82,83,76,31,24,86,37,14,20,72,84,70,79,56,https://www.futwiz.com/assets/img/fifa20/faces/41.png,https://www.futwiz.com/assets/img/fifa20/badges/101146.png,https://www.futwiz.com/assets/img/fifa19/flags/45.png
233,Davinson Sanchez,Tottenham Hotspur , ENG 1,83,2,3,23,"6'2""",187cm,79kg,Med/High,Right,CB,0,0,0,0,0,0,0,0,74,68,79,45,34,40,66,44,28,44,57,49,36,27,76,67,30,67,60,55,79,73,63,75,83,82,80,82,84,86,81,75,75,83,87,https://www.futwiz.com/assets/img/fifa20/faces/178562.png,https://www.futwiz.com/assets/img/fifa20/badges/481.png,https://www.futwiz.com/assets/img/fifa19/flags/52.png
234,Jorginho,Chelsea , ENG 1,83,3,3,27,"5'11""",180cm,67kg,Med/Med,Right,CM,0,0,0,0,0,0,0,0,55,61,50,63,68,57,71,62,71,84,84,87,75,76,89,87,75,81,77,72,81,85,81,79,70,76,56,62,77,70,73,58,85,66,79,https://www.futwiz.com/assets/img/fifa20/faces/213565.png,https://www.futwiz.com/assets/img/fifa20/badges/240.png,https://www.futwiz.com/assets/img/fifa19/flags/18.png
235,Julian Draxler,Paris Saint-Germain , FRA 1,83,4,5,25,"6'2""",187cm,77kg,Med/Med,Right,CAM,0,0,0,0,0,0,0,0,77,78,77,79,79,76,86,81,80,65,81,82,81,76,84,77,78,86,80,75,81,88,87,83,55,66,65,39,64,44,63,75,68,66,48,https://www.futwiz.com/assets/img/fifa20/faces/201153.png,https://www.futwiz.com/assets/img/fifa20/badges/240.png,https://www.futwiz.com/assets/img/fifa19/flags/45.png
236,James Maddison,Leicester City , ENG 1,82,4,4,22,"5'9""",175cm,73kg,High/Med,Right,CM,0,0,0,0,0,0,0,0,78,79,76,78,81,74,85,79,74,80,84,86,82,84,85,78,80,82,87,80,71,85,80,80,42,48,32,39,43,36,60,56,77,51,58,https://www.futwiz.com/assets/img/fifa20/faces/220793.png,https://www.futwiz.com/assets/img/fifa20/badges/18.png,https://www.futwiz.com/assets/img/fifa19/flags/56.png
237,Hirving Lozano,Napoli , ITA 1,82,4,3,24,"5'9""",175cm,70kg,High/Low,Right,RW,0,0,0,0,0,0,0,0,93,94,93,76,81,76,76,74,74,73,73,74,75,65,74,67,72,83,91,76,83,81,83,76,41,45,58,42,35,29,66,67,82,59,64,https://www.futwiz.com/assets/img/fifa20/faces/205498.png,https://www.futwiz.com/assets/img/fifa20/badges/5.png,https://www.futwiz.com/assets/img/fifa19/flags/27.png
238,Harry Maguire,Manchester United , ENG 1,82,2,3,26,"6'4""",194cm,100kg,High/High,Right,CB,0,0,0,0,0,0,0,0,50,47,53,53,61,48,68,52,47,44,64,66,44,46,76,75,38,70,54,56,80,75,69,82,81,78,87,81,83,79,84,84,70,90,84,https://www.futwiz.com/assets/img/fifa20/faces/202166.png,https://www.futwiz.com/assets/img/fifa20/badges/73.png,https://www.futwiz.com/assets/img/fifa19/flags/21.png
239,Alphonse Areola,Paris Saint-Germain ,FRA 1,82,1,3,26,"6'5""",195cm,94kg,Med/Med,Right,GK,85,79,80,84,0,0,0,78,0,0,0,0,0,0,0,0,0,0,0,0,0,0,0,0,0,0,0,0,0,0,0,0,0,0,0,0,0,0,0,0,0,0,0,https://www.futwiz.com/assets/img/fifa20/faces/221992.png,https://www.futwiz.com/assets/img/fifa20/badges/48.png,https://www.futwiz.com/assets/img/fifa19/flags/83.png
240,Thorgan Hazard,Borussia Dortmund , GER 1,82,4,4,26,"5'9""",175cm,71kg,High/Med,Right,RM,0,0,0,0,0,0,0,0,82,86,78,77,81,76,78,77,80,81,80,80,81,79,82,71,83,85,91,86,82,84,86,77,47,63,33,43,45,46,64,60,78,61,57,https://www.futwiz.com/assets/img/fifa20/faces/203263.png,https://www.futwiz.com/assets/img/fifa20/badges/11.png,https://www.futwiz.com/assets/img/fifa19/flags/14.png
241,Dario Benedetto,Olympique de Marseille , FRA 1,82,3,5,29,"5'10""",177cm,80kg,High/Low,Right,ST,0,0,0,0,0,0,0,0,83,80,84,84,86,85,87,80,76,79,70,73,58,63,75,70,73,78,76,74,76,81,76,84,41,37,82,48,26,26,76,91,70,80,68,https://www.futwiz.com/assets/img/fifa20/faces/179645.png,https://www.futwiz.com/assets/img/fifa20/badges/39.png,https://www.futwiz.com/assets/img/fifa19/flags/13.png
242,Lorenzo Pellegrini,Roma , ITA 1,82,3,3,23,"6'1""",186cm,77kg,High/Med,Right,CAM,0,0,0,0,0,0,0,0,77,78,77,72,79,63,80,78,73,70,83,84,77,72,88,84,73,80,70,72,75,83,80,82,75,72,73,72,77,75,72,68,77,68,74,https://www.futwiz.com/assets/img/fifa20/faces/193105.png,https://www.futwiz.com/assets/img/fifa20/badges/73.png,https://www.futwiz.com/assets/img/fifa19/flags/18.png
243,Nacho Monreal,Real Sociedad , ESP 1,82,3,3,33,"5'11""",180cm,77kg,High/Med,Left,LB,0,0,0,0,0,0,0,0,66,68,63,68,72,61,82,68,64,68,73,67,78,53,79,62,76,76,71,73,84,79,74,78,83,84,74,83,86,84,71,77,69,66,80,https://www.futwiz.com/assets/img/fifa20/faces/203486.png,https://www.futwiz.com/assets/img/fifa20/badges/22.png,https://www.futwiz.com/assets/img/fifa19/flags/7.png
244,Simon Mignolet,Club Brugge , BEL 1,82,1,2,31,"6'4""",193cm,87kg,Med/Med,Right,GK,82,77,66,84,0,0,0,80,0,0,0,0,0,0,0,0,0,0,0,0,0,0,0,0,0,0,0,0,0,0,0,0,0,0,0,0,0,0,0,0,0,0,0,https://www.futwiz.com/assets/img/fifa20/faces/215061.png,https://www.futwiz.com/assets/img/fifa20/badges/219.png,https://www.futwiz.com/assets/img/fifa19/flags/52.png
245,Serge Aurier,Tottenham Hotspur , ENG 1,82,3,3,26,"5'9""",176cm,76kg,High/Med,Right,RB,0,0,0,0,0,0,0,0,80,80,80,62,70,56,74,60,49,67,78,75,86,32,82,73,73,79,72,79,82,81,77,77,80,82,75,77,81,84,79,95,75,73,89,https://www.futwiz.com/assets/img/fifa20/faces/228251.png,https://www.futwiz.com/assets/img/fifa20/badges/52.png,https://www.futwiz.com/assets/img/fifa19/flags/27.png
246,Oyarzabal,Real Sociedad , ESP 1,82,3,3,22,"5'11""",181cm,78kg,High/Med,Left,LW,0,0,0,0,0,0,0,0,75,74,76,82,80,86,80,81,64,76,79,79,82,71,81,73,69,82,77,75,81,84,85,70,39,29,44,55,32,30,61,56,78,57,52,https://www.futwiz.com/assets/img/fifa20/faces/177604.png,https://www.futwiz.com/assets/img/fifa20/badges/457.png,https://www.futwiz.com/assets/img/fifa19/flags/45.png
247,Leon Bailey,Bayer 04 Leverkusen , GER 1,82,4,4,22,"5'10""",178cm,79kg,Med/Med,Left,LW,0,0,0,0,0,0,0,0,91,93,90,77,80,75,79,79,75,71,75,77,77,79,76,66,78,84,86,84,80,82,86,75,33,21,57,45,27,18,64,83,76,59,58,https://www.futwiz.com/assets/img/fifa20/faces/173426.png,https://www.futwiz.com/assets/img/fifa20/badges/231.png,https://www.futwiz.com/assets/img/fifa19/flags/7.png
248,Gelson Martins,AS Monaco , FRA 1,82,5,3,24,"5'8""",173cm,74kg,High/Med,Right,RM,0,0,0,0,0,0,0,0,95,95,95,71,79,70,72,69,74,66,74,78,80,60,76,55,82,86,95,92,81,81,87,82,47,43,51,54,46,36,61,65,86,48,60,https://www.futwiz.com/assets/img/fifa20/faces/230142.png,https://www.futwiz.com/assets/img/fifa20/badges/457.png,https://www.futwiz.com/assets/img/fifa19/flags/45.png
249,Andre Onana,Ajax , NED 1,82,1,3,23,"6'2""",187cm,93kg,Med/Med,Right,GK,84,80,86,83,63,64,62,76,0,64,62,0,11,12,65,17,13,27,0,62,15,17,33,26,30,0,68,53,80,38,26,57,0,15,20,12,18,14,0,80,39,67,29,https://www.futwiz.com/assets/img/fifa20/faces/229906.png,https://www.futwiz.com/assets/img/fifa20/badges/32.png,https://www.futwiz.com/assets/img/fifa19/flags/82.png
250,Steven Bergwijn,PSV , NED 1,82,4,2,21,"5'10""",178cm,78kg,Med/Med,Right,RW,0,0,0,0,0,0,0,0,89,88,89,75,78,74,83,72,67,61,76,79,74,66,83,62,77,85,79,89,81,85,87,77,40,34,60,52,31,26,73,74,81,80,44,https://www.futwiz.com/assets/img/fifa20/faces/227928.png,https://www.futwiz.com/assets/img/fifa20/badges/241.png,https://www.futwiz.com/assets/img/fifa19/flags/38.png
251,Presnel Kimpembe,Paris Saint-Germain , FRA 1,82,2,3,24,"6'2""",189cm,80kg,High/High,Left,CB,0,0,0,0,0,0,0,0,75,73,77,39,39,31,55,39,33,50,67,60,62,32,79,75,50,68,73,62,77,78,58,80,81,83,79,79,81,81,83,77,80,84,88,https://www.futwiz.com/assets/img/fifa20/faces/227055.png,https://www.futwiz.com/assets/img/fifa20/badges/69.png,https://www.futwiz.com/assets/img/fifa19/flags/38.png
252,Ruben Neves,Wolverhampton Wanderers , ENG 1,82,3,4,22,"5'11""",180cm,80kg,Med/High,Right,CM,0,0,0,0,0,0,0,0,62,64,60,74,65,64,86,83,81,76,83,85,77,83,85,86,84,76,65,70,78,82,75,83,70,75,53,69,74,69,73,68,78,67,82,https://www.futwiz.com/assets/img/fifa20/faces/226753.png,https://www.futwiz.com/assets/img/fifa20/badges/245.png,https://www.futwiz.com/assets/img/fifa19/flags/103.png
253,Lucas Torreira,Arsenal , ENG 1,82,3,3,23,"5'6""",168cm,64kg,Med/High,Right,CDM,0,0,0,0,0,0,0,0,75,79,72,67,68,61,78,74,65,48,77,74,74,78,83,76,70,80,85,93,79,81,78,78,81,86,59,84,84,77,75,52,86,66,87,https://www.futwiz.com/assets/img/fifa20/faces/225953.png,https://www.futwiz.com/assets/img/fifa20/badges/247.png,https://www.futwiz.com/assets/img/fifa19/flags/34.png
254,David Soria,Getafe CF , ESP 1,82,1,3,26,"6'4""",192cm,85kg,Med/Med,Right,GK,83,81,71,83,43,49,34,82,0,49,34,0,12,19,53,18,19,23,0,45,15,11,24,33,23,0,45,42,78,19,16,58,0,18,24,22,13,13,0,60,43,76,24,https://www.futwiz.com/assets/img/fifa20/faces/225850.png,https://www.futwiz.com/assets/img/fifa20/badges/73.png,https://www.futwiz.com/assets/img/fifa19/flags/18.png
255,Naby Keita,Liverpool , ENG 1,82,4,4,24,"5'8""",172cm,64kg,High/Med,Right,CM,0,0,0,0,0,0,0,0,71,77,66,73,74,74,76,73,71,58,76,80,62,70,85,76,64,88,89,90,81,88,88,81,65,76,42,68,64,62,66,52,79,57,78,https://www.futwiz.com/assets/img/fifa20/faces/223959.png,https://www.futwiz.com/assets/img/fifa20/badges/1.png,https://www.futwiz.com/assets/img/fifa19/flags/60.png
256,Rafa,SL Benfica , POR 1,82,4,3,26,"5'8""",172cm,66kg,High/Med,Right,LM,0,0,0,0,0,0,0,0,93,92,94,71,83,73,75,64,68,59,74,78,78,56,75,64,76,86,89,89,84,83,87,81,50,58,46,52,47,39,52,64,79,40,47,https://www.futwiz.com/assets/img/fifa20/faces/223952.png,https://www.futwiz.com/assets/img/fifa20/badges/1860.png,https://www.futwiz.com/assets/img/fifa19/flags/45.png
